-8.557747494125712251e+01,2.741878340269916521e+02,7.965785752758669958e+00,1.013316036055353635e+02,-2.080017560846901006e+02,-1.284140884089963208e+02,1.333859619760714850e+02,3.178150656291369103e+01,2.042396422714072628e+02,4.851751052295890787e+01,1.452962397410396100e+01,1.713573990822205531e+02,1.010136999225444328e+02,-1.962611992762893465e+01,-1.094104100498447139e+02,-2.371615664765494103e+02,-4.376656698027051107e+01,-1.186335095221371887e+02,2.597704643234383752e+02,-6.503709440700268374e+01
-6.777090056250449379e+01,-1.521244874588645644e+02,-2.663173285227032849e+01,-6.645349296422125462e+01,1.737729428744459597e+02,1.684761594149845720e+01,-8.864022656377503750e-01,-1.346727540825978231e+01,7.861749201892024530e+01,-4.523281656345007207e+01,6.672060935318381780e+01,1.613969820727444358e+02,4.600750102996467916e+01,-2.497312828251350680e+01,-9.534591709719013863e+01,-2.751239863470743430e+01,5.630788739725709746e+01,-1.532527341917321451e+02,8.315427577092825118e+01,2.076126882280644992e+01
-1.491891597587187945e+01,-6.594134114510022471e+01,-4.763777009693672682e+01,5.973060414653077288e+01,-1.282115260951107238e+01,-5.011399672785699266e+01,4.685634933715224548e+01,5.081897774921301192e+01,-1.249175061324047533e+02,5.714806965769846414e+01,2.501698212860442823e+02,4.696207893755043017e+01,-1.699007204843667864e+02,1.773753918395460261e+01,-1.830815374193684875e+02,3.167371672064159611e+02,2.235674686984474135e+02,-6.659384827953962827e+01,-2.245667198993836280e+02,-8.783711870927842824e+01
-1.809907389397235988e+01,-1.761863742039738554e+02,-6.902251499622762410e+00,-1.875786642702516716e+01,1.251546970628885447e+01,2.296451769379799401e+01,-9.656175998771516333e+01,-8.534140397496543073e+01,4.559216447004995842e+00,-6.309921298739473627e+01,9.074947684172556706e+01,3.589454976769973271e+00,1.865003233997474013e+02,8.204824382712257602e+01,1.103713869390597893e+02,1.325660679647858764e+01,1.573615012902964594e+01,1.731320579909177013e+02,-3.782928835370294962e+01,5.467793541652397948e+01
-2.662375321614580770e+01,-2.686360583873030805e+01,-1.168896265741719844e+02,-7.425143508569406947e+01,-9.282694514164504085e+01,5.943688089231694249e+01,1.040205928223662397e+02,-9.475337357840247776e+00,2.296279301636536019e+01,-1.524713551050964710e+01,-8.107759198929849731e+01,8.622630247968788808e+01,6.525346937594791541e+01,-1.892545985303963789e+02,-2.831090012352535723e+01,-8.820273412074283215e+01,-3.909385696652251596e+01,-6.704315670462594312e+01,-4.642037074139979680e+00,-3.299147351334736555e+01
-3.511406938208389761e+01,1.107388428338713453e+02,5.571786606692488419e+01,-7.038946503004336819e+01,-5.555467328134210447e+01,4.917930553996126264e+01,4.904195717027664614e+01,-6.037802390620689863e+01,-2.339906669021646479e+01,1.846806040086968039e+02,-5.865480885213430895e+01,1.910804588458785247e+02,1.103666942525805013e+02,1.725416275055465860e+02,-6.290719720694288952e+01,-1.685558740627610419e+01,-4.491638087755628561e+01,1.126753191926202788e+02,-5.676837726720896171e+01,7.312154933428736570e+01
6.782994111920409352e+01,-4.802953071417668696e+00,1.298659734164335475e+02,1.076798697266051086e+01,8.340857186083030683e+01,-4.947033689177825266e+01,-7.234368141068252100e+01,7.311455292576080467e+01,4.308402443337483589e+01,2.433076641283657437e+01,-3.436883479377835471e+01,1.549209476526303888e+02,-1.116585804253846987e+02,-1.171343009730971829e+02,9.421665051638289867e+01,8.600963841430696277e+01,3.537627789918678900e+01,-2.879522219028064001e+01,5.024221291904120790e+01,1.720830297119534009e+02
2.515546207874224933e+02,-1.656413705475156348e+02,-4.189201192485463565e+01,-4.817732629848393344e+01,1.626519471699681674e+02,-2.481294986565201555e+02,5.138351930655460365e+01,-2.568103084190335750e+01,1.638112749547640306e+02,1.501038840004460440e+02,3.655067348266926786e+01,-1.579723070711796709e+02,-5.738894823351331809e+01,-4.643910766137384627e+01,-1.326454794453464956e+02,1.154584281859369952e+02,-1.453426497274406017e+02,1.965327508453712255e+02,1.962822634045458301e+02,-3.850602618595062410e+01
3.284953701298160667e+01,-7.228347807042409201e+00,9.018248003616903929e+01,1.274677338564759168e+02,2.579969921200661531e+01,4.691167097810627240e+01,-6.206042639395163008e+01,4.367139668903384120e+01,1.627620789239809085e+01,-9.117944887513567664e+01,-1.403710934311122260e+00,-3.831825179860731367e+01,-6.094955818180586249e+01,-1.146491207599567872e+02,6.250273324947595910e+00,-7.804740063253436233e+01,-4.711081723026993728e+01,1.075124275217288954e+02,6.321161012683779035e+01,-9.787666478612534604e+01
3.518910679064360636e+01,1.327806982641552302e+01,1.701696208533461174e+02,1.383145000872274863e+02,-1.533748725709835981e+02,8.611276689586010491e+01,1.265197251623698946e+02,5.593592087283310832e+01,-3.354121436941908030e+01,2.413393915117136430e+02,6.514092809270225359e+01,1.976544273728228234e+02,1.351478429473507106e+02,4.641346602233037544e+01,-5.797009114736274427e+01,-2.410487815250133448e+00,-2.219124527935532143e+01,-1.214518955649269856e+02,6.502815749597029082e+01,1.567353001959409085e+02
-2.983034945514467751e+01,2.163656499224737217e+02,-1.557582785861733612e+02,1.054363548387203622e+02,1.671520235405409949e+02,-2.040305809810605453e+01,-1.860565051428808658e+01,1.042765175844401000e+02,5.059911099595345263e+01,-1.997411343459506838e+02,-8.433731545393807494e+01,-1.354954804745973629e+00,-1.369698179685067032e+02,-4.741743164299036550e+01,-1.344685425243934276e+02,-3.701706305533903674e+01,-3.366227273211610083e+01,3.517546765937137110e+01,-9.175932399950061935e+00,5.027897210407561346e+01
3.835440074739215532e+01,1.031339994264310462e+02,8.737830409601157555e+01,7.681238351347164439e+01,3.104867428466721435e+02,3.474026366423287726e+01,2.593571503858861433e+02,4.122184022439334683e+01,-8.285091480589192869e+00,-3.731651822131970420e+01,1.509725798448429259e+02,1.640503392887937935e+02,5.997838559647290424e+01,1.133546774502705716e+02,-1.277220465923083310e+02,-1.548779822512211695e+02,1.246326885797453627e+02,-1.268114979030218237e+01,7.493024173975027225e+01,-7.172879499560778527e+01
1.656988469704775468e+02,-1.540418671889036375e+02,-1.385585086482688553e+02,1.444311583712344884e+02,-2.609841792982900301e+02,3.785688680949160556e+01,-1.073259955965767531e+01,-7.359519192000300336e+01,-1.999398485903687828e+01,-8.475234930898101027e+01,1.542255946048499311e+02,1.804497088361609656e+02,-6.857375867883446574e+01,2.755248774685312085e+01,-1.325076470936047315e+02,1.073052159003126746e+02,1.047009174643314395e+02,-2.952622327076896269e+01,1.688505841989534906e+00,-9.376544952267092725e+00
-1.618457833680275826e+02,1.546004147600126828e+02,-7.669532388824308100e+01,-7.601492722579212113e+01,-1.504198544618330047e+01,9.955485853622786863e+01,-5.913032150920308538e+01,-1.952185221403444189e+02,-8.869980607295340747e+01,4.241404190789904050e+01,2.189750287809186773e+02,-1.259919966373155660e+02,-1.296501767480829130e+02,-1.512595500838815781e+02,-1.636724991299340957e+02,1.205691460081430364e+02,1.494688575364379801e+02,1.777558935804023932e+01,-4.677127721408568561e+01,1.791143786862625973e+02
1.739080416565047216e+01,1.089436709360434179e+02,-5.164489417218156575e+01,4.424385422377375754e+00,-1.237341645447046261e+02,6.292489718935848941e+01,1.909377507733157486e+01,-8.945632324137842772e+01,-8.811071495264613418e+01,1.615958503338743526e+02,1.971668750461816444e+02,-2.131353366673212335e+01,6.775357276216261049e+00,4.001144746482169978e+01,1.480317581596871435e+01,-1.674297720538629903e+02,4.278706771903861039e+01,-2.087889034600608795e+02,-7.326841912576190907e+01,5.054271466248177092e+01
5.999942079248372551e+01,-8.100730842094900197e+01,-4.584369401869176386e+01,-5.938365089984536382e+01,-1.028441631360699837e+01,-2.679434663566353514e+00,6.684681295291105130e+01,-5.168968628897835060e+01,3.733961919135551710e+01,5.070157644871914471e+01,1.982893773718653208e+01,-2.596058224494744948e+01,1.806454642754404105e+01,7.517402733935762171e+01,8.391848677163122261e+01,1.815372684826905925e+02,-9.900262363062616089e+01,-4.400073909954025453e+01,-1.613468660268402175e+02,9.310094643278550564e+01
-3.345075063567468021e+01,2.061909820293265483e+01,-6.043385694466395819e+01,-3.267039949778251895e+01,1.223190105426658363e+02,6.942334104859834554e+01,-1.115220576589456591e+01,7.678139194763970465e+01,7.899000800378740905e+01,-3.914255166867352642e+01,-1.469079560636208441e+02,-8.991616270020391255e+01,-1.340528603382516906e+02,1.164434645992907065e+02,1.338115216447681064e+02,1.586373880159016494e+02,-2.019555548977168087e+02,1.071400910373721160e+02,2.212191309384685098e+02,1.111987713810644891e+02
-2.151229617870669699e+02,1.768298308396771858e+02,4.168903713194140437e+00,-2.323991065004715750e+01,4.510952965829782357e+01,-1.049006922570486324e+02,2.782370921578944944e-01,1.620429645104073586e+02,6.223968705232880438e+01,5.840147210266806610e+00,8.960815992760872817e+00,-1.181393983298801373e+02,-1.499878913997254593e+01,-1.634295335629767294e+02,1.022440952393810534e+02,-2.185710482475342644e+02,8.549003796207099981e+01,9.794109008340616640e+01,1.318764615727194212e+02,8.685916316180280816e+00
9.166284661575291182e+01,-1.597466403652161659e+01,-1.186697117687933485e+02,1.530732392537994997e+02,-9.688582961507465896e+00,-1.409511317473194083e+02,-4.668149457897820298e+01,-4.273246825681712835e+01,4.616969181242120612e+01,2.347047483372731165e+02,5.224186132825649054e+01,2.068438519965253164e+01,2.455776199562555178e+02,9.788935399127254300e+01,2.542492041349285259e+01,-4.794118588180950269e+01,3.162000762045608582e+01,-6.639040409313653690e+00,9.143412755899635869e+00,1.314402424769472759e+02
-5.403221831374881390e+01,5.135407081635137416e+01,9.489399898375940268e+01,-6.621125168244094539e+01,-8.226214154891009400e+01,-1.503419225809035709e+01,-4.616295902564608866e+01,1.152332608741504032e+02,-1.001768278564654651e+02,6.847136852867004464e+00,2.546048333404474988e+02,4.130565337861825270e+01,5.792901443048852173e+01,1.160682495697125063e+02,-4.629490654253594073e+01,-1.081419628745403827e+02,1.765112761627447924e+01,2.654038283485373029e+01,-1.618210794713161249e+02,3.750719146827777450e+01
1.069850498701039072e+02,-9.129480730240092612e+01,4.355558483748133369e+01,8.922636603701339197e+01,5.866782085300800986e+01,6.810062387415568708e+01,-2.448002418063011021e+01,-1.127504337740595730e+02,-4.471464623839131747e+01,-5.860571018706248481e+01,-8.025904620754582552e+00,1.093270905459929878e+02,-1.311840128164168675e+02,1.442500228173908283e+01,-1.063401645517852785e+02,-7.400469178227713485e+01,5.587407526118416712e+01,-1.189945053365699152e+02,7.342442897029785343e+01,-1.352164446624724974e+02
6.669804034381600388e+01,-1.549531269578511967e+02,-6.178126792566154535e+01,1.896494383129561356e+02,1.708546369766886244e+02,-4.125246525171453271e+01,3.899605860299014637e+01,1.204068018884884168e+02,6.812961744204710612e+01,-2.734642464548240781e+01,-7.486353140363331704e+01,8.681031429579296343e+01,1.130703308614501310e+02,1.715701834394388072e+02,-1.687249423453070847e+02,-1.253124788201052269e+02,1.161923602147080743e+02,-1.551530546750176711e+02,1.238549954911932787e+02,-2.149325059853920905e+01
-5.209138193366846536e+01,2.054285962714692459e+01,-1.345368452235498751e+02,8.240148305983517218e+01,1.689636997694696845e+02,8.705762158142414364e+01,-2.465086925541407936e+01,-1.538035707765440634e+02,-1.499587456202932856e+02,-1.329643302239307729e+02,-1.227827711231746388e+00,1.134000632726056246e+01,8.684435107409954924e+01,-1.796028986483075585e+02,1.311210230392400149e+02,6.944063189453711971e+01,-3.268362930621348283e+01,-1.189761541732100198e+02,1.249140641691118816e+02,-3.000939612373840149e+01
-2.001889934442876218e+00,3.836119707879318241e+01,-9.131989057816112165e+01,-2.821805790252489743e+01,8.653169020203796435e+01,7.640960784962746288e+01,7.731072066952374655e+01,-1.155179751140431819e+02,-2.365803507291409247e+01,-3.963938350478048989e+01,4.251788422747017648e+01,3.356579896488977255e+01,1.554273307429365225e+01,2.465733955419929089e+02,-2.908060801440376864e+01,-4.078230860685442849e+01,-1.156749670336055971e+02,-1.537847325928870532e+02,-1.220317377215775423e+02,-7.186819254432798232e+01
1.310073094437852603e+02,3.916390436185879231e+00,1.933306669527333810e+01,-9.627330820209662576e+00,3.653009930217886136e+01,1.402072147217843110e+02,-1.993930836268035875e+02,1.218337315585380338e+02,-2.515038452535006854e+02,2.820271152192764141e+00,2.191907354744415102e+02,6.806579395315439740e+01,3.730589353206365644e+01,2.001945966802973373e+02,-7.030628980011438500e+01,4.339674224650475054e+01,5.781170974738930823e+01,-5.224021342270257406e+01,-4.341101794959805460e+01,-5.437794332233396233e+01
8.731497400856387259e+00,5.466916057713130073e+01,1.232302729146621978e+01,7.094618174298553015e+01,-1.969147285973547525e+02,-2.182511637428366669e+01,-1.023419310350646185e+02,3.017225126828983406e+01,2.869174286723232115e+01,-1.156221149574553131e+01,5.102790105320712399e+01,9.978127182640280068e+01,-6.052052230630856400e+00,-1.051694888099702325e+02,-1.581257570919480884e+02,3.611017533012820913e+00,2.418667015135408604e+01,-9.695238895199790363e+01,7.257668231630326261e+01,-4.589568858245734617e+01
-1.656432865171150297e+02,1.256436342345189132e+02,1.143987919202163113e+02,-2.015599436663098061e+02,-5.626002816536923490e+01,-6.015836814142762989e+01,1.639488659417502561e+02,-9.929271004165633130e+00,-1.495878198055417556e+02,8.821047822408783645e+01,-1.230775545766080938e+02,-2.603404907217612418e+01,-7.697688778808768006e+01,-5.604550982799400316e+01,9.372580895639391940e+01,1.521330161332165858e+02,-1.274368746379378479e+02,6.260764255078171914e+01,-7.327536296899958757e+01,-7.016719100240756291e+01
4.906362214227146268e+01,-1.027902765713695032e+02,4.706026007750447349e+01,7.301133565097350697e+01,-4.325322616990183633e+01,1.327078102013666410e+02,-1.272824612061507139e+02,1.345406190611672628e+02,-1.943987429485133021e+02,2.699714140419509363e+02,-4.062022386218324499e+01,-1.162307156387617511e+02,-2.326719085199985670e+01,-1.046477942624428437e+02,3.869652988545422545e+01,1.367657331470147142e+02,-9.934562260566775649e+01,5.793992391740033554e+01,-1.532735368895759791e+02,1.032954733228612696e+02
4.162363669275956113e+01,1.076183321330320695e+02,-1.223469026411053839e+01,-4.351565978547517943e+01,8.161174360573329523e+01,-1.308048521558418429e+02,-1.742824331733575320e+02,-4.961984040038087684e-01,-3.895966068587924269e+01,5.538333317815460077e+01,1.091551424313996961e+02,5.330140791511389864e+01,1.011903311826745266e+02,3.210523333321638972e+01,4.945957483210984407e+01,-1.166572098322708761e+01,4.650454610151820845e+01,1.666528285635133955e+01,3.251767965290638074e+01,-1.667240330868389009e+01
8.089292004712980599e+01,-7.104525498349515544e+01,-1.834902090410653663e+00,1.311783900207575755e+02,-9.487218229211251241e+01,-2.161845461752630513e+02,3.664571662979720656e+01,-2.569544903534993097e+01,1.010862240371839249e+02,-1.305150798969937576e+01,-6.043390715633118049e+01,-7.581739581821335783e+00,1.093068586613210869e+02,5.753696271923752903e+01,-2.433902256548034586e+02,1.857674920867712487e+01,2.357621324014049335e+01,-1.824996520051934024e+00,-6.108898915685892206e+01,1.194531874506444353e+02
1.244033948134861731e+02,-2.203160460825861833e+02,-7.979594777414442319e+01,-1.447306512857200467e+01,9.485082037166698399e+01,3.485287639176628538e+00,-6.835938001649233797e+01,7.095335773073747987e+01,-2.113360855509924718e+01,-1.174008591549597647e+01,-2.715843340407618989e+00,5.743084408384838468e+01,-3.085496016737873148e+01,6.869464926472220156e+01,-7.306896840707273633e+00,-1.067016586417876027e+02,-3.677630569544811934e+00,-1.015213403145214954e+02,4.098678977594188311e+00,8.294739292314663714e+01
-1.073629006002114750e+02,3.642734058044387524e+01,-8.290374583532079100e+01,2.017005599165470286e+01,8.602042420204841733e+01,-2.129513074110041373e+02,-1.114475826871345561e+02,-3.689794451099221106e+01,3.150404891816152642e+01,-1.663833293583238060e+01,-4.588078198091892546e+00,2.042984525351256480e+02,-1.212457278849227578e+02,1.135485016362770381e+02,-3.499781271544167538e+01,5.494747924987342458e+01,2.128946555745599767e+02,6.886780236854259840e+01,3.724957097899999070e+01,1.599122335149375544e+02
1.124798644593191881e+02,-7.993940761614356916e+01,2.945247424538556302e+01,-1.717495734140759396e+02,-5.401533883742510511e+01,3.140529675998594072e+01,-6.021053527812587447e+01,2.733667459719246295e+01,-1.338461565303896039e+00,5.364167323950428568e+01,-4.241990220281108037e+01,-9.401489144367131701e+01,1.478126826173260895e+02,-4.956967426899445428e+01,6.600105931171181339e+01,1.435247026472536049e+02,1.626699989975319838e+01,-8.563065694431493569e+01,-1.786099745473444855e+01,1.017540916606753001e+02
2.062475457378629429e+01,-1.205141792204276925e+02,5.966438335337124244e+01,7.695314690509988509e+01,-3.553118861179336818e+01,6.102443756047458834e+01,2.450185954604672389e+01,-1.974295386420391907e+01,-1.293535743593663767e+02,1.077953895105757738e+02,7.592109999198332559e+01,5.838862943753125734e+01,1.544526003678093673e+02,9.451937270135937297e+01,6.865660061515626467e+01,-2.213227348026831294e+02,1.196894951802415648e+02,8.308051428205070366e+00,3.124916802571386398e+01,3.193331896933858260e+01
7.738327436422794392e+01,1.122175028801685244e+02,6.342411430592223098e+01,4.752855893198915282e+01,2.315127392955714569e+01,-3.351610516904678434e+02,-2.875910194501882344e+01,-9.415895173506456217e+01,1.210739538939085094e+02,6.190371982862936306e+01,-4.581369872137342725e+01,-3.577171822692442760e+01,-3.939813633024213146e+01,-4.118261543189197482e+01,-1.444557443524797122e+02,-1.661279493277767756e+02,2.904677238174399267e+00,1.075314139359354613e+02,-5.376896974278627539e+01,3.034447509240451524e+01
7.342609171767252008e+01,-9.933782055838565839e+01,-1.997542871990307889e+00,-6.665204812735150597e+01,1.606119491831293828e+02,1.562459506862114438e+02,-9.923428398748505685e+01,3.858843830843257905e+01,1.067599300812490384e+02,8.483295003763299746e+01,8.156303498436555444e+00,1.306557461764347750e+02,-9.045146889894327558e+01,-3.030929443946922675e+01,-8.776424197595750343e+01,7.824934947006217101e+01,-5.826368742994515770e+01,-1.712491754370856611e+01,6.176703682657487349e+01,6.982499137778160048e+01
-9.071263462552506951e+01,1.056655283772792302e+02,4.556896686672512686e+01,-1.081702839580401303e+02,-1.327715895756612952e+02,-1.581971026206773656e+00,8.500939893168090578e+01,8.757158624009804271e+01,3.561668772248425086e+01,4.867483832682585998e+00,5.117376690790054283e+01,-8.553305143892586671e+01,1.686987863025391903e+02,1.673938418122521057e+02,4.288123146206977054e+01,1.973004199928519853e+01,-4.114209726593701788e+01,5.287488457996607849e+01,-6.913173710167768604e+01,-2.223612030995530802e+02
-2.714107300491086789e+02,-7.994983331634865920e+01,1.563781229182777999e+01,3.319717339534831524e+01,-4.867570085092849297e+01,1.418351671429033090e+01,-2.742283570545311377e+01,-9.993127576501376552e+01,-5.374450896912517983e+00,8.129571123656494080e+01,-9.540617477463220553e+01,-9.536046130196977799e+01,-1.069250593952158113e+02,-1.936518734508115926e+02,-4.802023741470187446e+01,7.140861129525309536e+01,1.739160838337626913e+01,-1.692508840563066030e+01,1.290647982401688409e+01,-4.889814874291580082e+01
-1.947886637263472096e+02,7.837187818145658014e+01,1.071124573784651091e+02,-7.281567760677872059e+01,-1.508356206065558069e+01,-2.369991710601601653e+01,3.512888094245415260e+01,1.689893456626289776e+02,1.159791245289305550e+02,-3.769142254138959913e+01,5.424638615002369590e+01,1.254356868572712642e+02,4.083451643947780241e+01,-4.699404440172448849e-01,4.460000946671860333e+01,-7.032715225634736100e+01,-5.572811241040810160e+01,-1.064034235201097403e+02,3.070645165702432067e+01,-1.314029060222381773e+01
-8.231180613480796637e+01,-1.641794116205050713e+01,4.699982607631699949e+01,1.914712305997992132e+02,1.012067864703858078e+02,-2.284147857482340100e+02,2.393084668203457355e+01,1.429324262712854932e+02,-1.337873491210232544e+02,5.515592702124237690e+01,-2.366421855310459321e+01,1.150290530916160776e+02,4.042571950134523462e+01,-8.840154545592066881e+01,-2.008514782906199869e+01,-1.416956760476234578e+01,-1.231782148100492336e+01,1.119262944775262412e+02,-8.426199213902300755e+01,1.003051309661183694e+02
-3.022496759215201223e+01,2.235111063291649458e+01,7.237758628103405201e+00,-2.180533808183465094e+00,-1.360283444532232044e+00,1.457358558271020854e+02,8.424499249061445028e+01,-3.627156895799299008e+01,1.582787254122091269e+02,2.746810739928528022e+01,3.576242593238943357e+01,-8.373190793313915492e+01,-4.974986584051400484e+01,-6.885035079271756331e+01,8.607286499367498678e+00,6.387830794482092500e+01,3.672322994222134440e+01,1.588044156069582016e+02,-8.877580052112351439e+01,1.148690435388821385e+01
-1.282939329298294808e+02,-9.218709716032621770e+01,1.264578377338463611e+02,-4.631648664714656860e+01,-8.033637960602709427e+01,-2.129976875582947002e+02,-8.133546477889174753e+01,-2.052802741949788867e+01,-1.357402959786211056e+02,-2.627833889824686509e+01,1.270631060658223390e+02,-7.073053403283327611e+01,-9.433830493699356623e+01,-1.123901466865093113e+02,-1.141764092515800399e+02,5.355774468884290940e+01,4.866873688305064505e+00,9.568568792755741015e+01,2.019837891654255202e+02,-1.830391131909148044e+02
3.800787084417731876e+01,-1.118619334433559800e+02,7.888992980334509753e+01,-2.719120010734363291e+01,2.732276086417343208e+00,-1.283177427929807948e+02,-4.264270251131674172e+01,8.966225110825956079e+00,1.356078146806708276e+02,-7.945605274085542646e+01,-5.506915715303129844e+01,9.442896421822814546e+01,-8.593402836993105609e+01,1.142385143974125441e+02,-9.086574726255944867e-01,3.031229615918432785e+01,3.675223025093706042e+01,-6.162205534066080048e+01,3.898868194723950609e+01,-7.723697843143000341e+01
-5.021030040988798504e+01,5.586909660332754157e+01,2.933939556419030126e+01,-7.496495083904773260e+00,-1.258731649263010723e+02,-1.009158289349630024e+02,2.767090439049845685e+01,7.321405634851160471e+01,-1.109645504520757129e+02,-8.398252474521676447e+01,1.341851741777199436e+01,1.127878626290937270e+01,-1.623957208761041215e+02,1.615630134399890139e+01,-5.983678102302187796e+01,1.641046629728958237e+02,2.491985427356561544e+01,4.214734498759028725e+01,4.473593021906106770e+01,-1.213927380652564096e+02
1.943876893108603383e+02,-1.622911247451173438e+02,7.957031416997422468e+01,6.186639374806491531e+01,-4.770023799129599951e+01,6.664503167133891282e+01,-3.175731988237380321e+01,-6.754614448557784101e+01,4.695591693529273414e+01,-1.006560991087902153e+02,-2.242551587575697525e+01,-5.941767487299575379e+01,-3.359795095729449343e+01,4.327285991301842927e+01,-5.943663723462061199e+01,-1.923239130723645829e+01,-5.031452519015815739e+01,1.443996665574546228e+02,3.426123982138901169e+01,2.200696329667193751e+01
6.834185046234240701e+01,-5.941345767748865825e+01,8.592572249998404743e+01,3.461777458327414791e+01,-1.560890902754065337e+02,-1.428030833100764596e+02,-5.722970527840656985e+01,-1.321006495865170223e+02,-2.382784606995831567e+01,-1.013737991415864030e+02,-9.772305307091876614e+00,1.411709375931455952e+02,-4.937690355618503446e+00,-3.029644549019287325e+01,3.882426477853441327e+01,-6.964197929226034489e+01,8.434143093960000215e+01,4.952129531241121185e+01,3.886556204856375096e+00,1.543158316335863667e+01
2.041745910562851805e+02,9.423122102678679823e+01,2.199526631161334080e+02,5.320301932924522959e+01,-1.471691442670688161e+02,-2.621737028638408518e+01,-1.700204874548066130e+02,5.283030346669183075e+01,7.454041973454017977e+01,-8.859159959592791722e+01,-6.556363796468531291e+01,1.487508962352152331e+01,-1.198104063264217984e+02,-1.273159769242532917e+02,1.238632048041120868e+02,1.147106181639683520e+01,-5.581093577059559152e+01,-1.692118888557219236e+02,8.523513568944721897e+01,-6.845182122169691752e+01
1.860684445870538752e+02,8.593100976934448454e+01,-8.081418544072690224e+01,-7.154716971314717000e+01,1.721851162944331577e+02,-8.425944683450465433e+00,-5.133112283233697326e+01,2.772168847657001223e+00,-5.179126500537901734e+01,2.410484771081650024e+01,-7.582362151826306906e+00,8.755079805115086344e+01,-3.885741032391265293e+01,-8.848163666896469692e+01,-3.489846966235855774e+01,-3.550838982240460950e+01,-7.753381519399346722e+00,6.345402880572247284e+01,5.799089674719204623e+01,1.199658675858568131e+02
-8.114896777335243883e+01,3.887201230511087147e+01,7.273198470207150024e+01,-6.742204063118640534e+01,-2.076310529823789963e+01,-1.749977874218796785e+02,9.068576951257350061e+01,-2.154982023198693142e+01,8.065641766809994806e+01,2.060495178795131466e+01,-1.851652289748734859e+01,-1.592802799352485863e+02,-1.414952610716439949e+02,-2.593146184341742355e+02,-5.626134828286561884e+01,2.278248703181247947e+02,-1.287947389517999568e+02,-2.631431883419905944e+02,9.626689195855317394e+01,2.363717869296701224e+02
2.979210652598027309e+01,2.887323947199600838e+01,-3.098820736437513190e+01,-1.794257230510060026e+02,-1.450711917743476533e+02,-3.167533293985182041e+01,-5.084553400297436099e+01,-1.151729277699420884e+01,8.293248239281591339e+01,-5.818378319170209068e+01,8.497167564046112886e+01,-5.752897099027699568e+01,1.038239592865756862e+02,8.636756707342344797e+00,-4.358303409215121604e+01,6.929406054888966437e+00,-2.935388421575667550e+01,1.131342376799716121e+01,7.581061985174717677e+01,-8.721559841564996418e+00
-3.695688528537811379e+01,-1.123516204910829117e+02,5.791780192917145342e+01,3.482722264027249537e+01,-1.181942850927520965e+02,8.354942779207610215e+01,-1.198184032602335662e+02,1.029221791233893413e+02,6.878633271870178589e+01,4.196655225980695292e+01,-3.769951591670361779e+01,5.757797826664528174e+01,1.076371995241180315e+02,5.923519211081733715e+01,-6.702500217262375770e+01,2.674069823554640735e+01,1.132034986295036134e+02,2.199098180556703142e+02,-2.052129744991962212e+01,8.578831061314305373e+01
1.134480520084318442e+02,-8.124049989897635271e+01,1.782078318061481070e+02,-1.065184684083445745e+02,8.089855150329761102e+01,3.053197795470660125e+01,5.557555999815991576e+00,2.546833281448643334e+02,-3.012552353268013761e+01,-3.173455927286086364e+01,1.331478807397795094e+02,7.618037780867832964e+01,1.282098920958554231e+02,1.168693823411133614e+01,3.169426170121629838e+01,1.900935612994574626e+02,-8.359540795806962876e+01,-1.028770440916603945e+01,7.982540714254447778e+01,-1.958608200878377659e+01
-5.701458792830354838e+01,6.184845127865220604e+01,1.335805666491494321e+02,-1.408343628058571007e+01,-1.685896208107490324e+01,-6.476880256834309080e+01,-2.959768434057342290e+01,1.083606079830185678e+02,8.106287069365691877e+00,-8.049906609302881577e+01,2.623623803236626628e+01,1.051194010986040723e+02,-5.618856635474287486e+01,-1.328605219595563369e+02,2.190825159872751726e+02,-1.378529350043247064e+02,-3.590225638557856769e+01,2.321285118586696683e+01,-2.724277012442916757e+01,-7.491084465501882228e+00
5.768381678745934948e+01,-2.391721657712793672e+02,-1.266894471523851280e+02,4.425938607032915861e+00,-4.042170119736099565e+01,1.294112582755976604e+01,2.276532826313041724e+01,-2.115919995470992205e+02,1.273640332151646248e+02,-4.982678831003497066e+01,-8.655131847760065966e+01,2.083552959592791964e+01,1.071602277822431759e+01,1.196690817654637868e+02,2.718731627700168829e+01,1.158110848024300310e+02,-9.381773754277055843e+01,1.418610552074991382e+01,-1.114747707324889205e+02,9.767585556027949423e+00
-1.142879556018851339e+01,-1.572974252009025342e+01,-1.485275523616328108e+01,7.363894701845977409e+01,-1.607359657002579638e+02,-8.997878627841726029e+01,-4.057182674517545884e+00,-1.178663089471249918e+02,4.611410620104514635e+00,-5.085252124107597638e+00,-1.403756645052582996e+02,-1.453165146254277715e+02,-2.623788235549265551e+02,-1.220670049681912985e+02,1.432325821059985627e+00,1.561878229408774565e+01,2.018995596284508665e+01,-7.779188126673808767e+01,-1.830348402148946452e+00,3.972446092414528351e+01
-1.268035549501152985e+02,1.233290743905398656e+01,6.564812118350913295e+01,-4.907721298228806717e+01,1.062234330349602942e+02,-4.674343438249699290e+01,-8.600608551230750720e+01,5.568411785529203684e+01,2.033293769466456808e+02,8.535361888780910178e+00,6.349078041137199335e+01,-5.087172210978440035e+01,-1.241616219796027707e+02,1.662656459007334320e+01,3.243999717879111699e+01,-3.579110903811622535e+01,6.310565180215058945e+01,-6.540800098143199648e+01,-9.020862658517422972e+01,1.060642930486165341e+02
1.065347626541630603e+02,-6.343431058356785712e+01,1.718850490404821869e+02,-2.871066925302492834e+01,8.478286464395875299e+00,-8.465254184842786245e+00,5.237602174456797144e+01,2.714214938009424927e+01,2.579621615816578384e+01,-1.019561631719886066e+02,-1.688562316789684132e+02,1.142160028252861679e+02,-5.454459989397435749e+01,-4.903337343347807575e+00,3.267989098897808020e+01,1.629009603349267650e+02,1.613579246425079461e+01,-3.947975629240973205e+01,-5.235443812868572167e+01,-3.735684124193862310e+00
-9.093647696406127068e+01,2.887572314901020842e+00,-5.201968845801409280e+00,1.641526948644151389e+02,-8.360113859092102473e+00,-1.924488161048849690e+02,2.673510970396478683e+02,9.568337311560969738e+01,2.082348744095584721e+02,-1.157319986984484359e+02,-2.218267812562919161e+01,6.744012414943192368e+01,5.363913722844591092e+01,3.069377073595517302e+01,-2.199610718500553901e+02,-1.712439457564313727e+02,1.517520109063871985e+02,1.695329532869689615e+02,-1.066512914363956810e+01,1.390427474406382089e+02
-1.023227766143297970e+02,-7.944260534686806352e+01,-1.102280321863149339e+02,-8.499195456886461386e+01,7.226960095226189651e+01,-8.623523730634443041e+01,2.239743039927864743e+02,4.600706063474380159e+01,1.084527046495088314e+02,4.899405828000731589e+01,1.214269650459279148e+02,-8.679999995385473710e+01,1.446933538199556892e+02,1.409388855914368932e+01,1.209266110968738985e+02,-1.439564053376184347e+02,1.805832066083630139e+01,1.452387167816652180e+01,-6.192364649794414788e+01,3.131188297472641224e+01
1.539606848001514550e+02,-6.961523589631211451e+01,9.618543562049384832e+01,-1.127423056146508173e+02,2.109444594642459094e+02,7.846003184367084771e+01,1.725117332258572276e+02,6.720605190937673967e+01,3.906131777293616381e+01,7.929329404859180386e+01,-1.364474633541714965e+01,-1.617833905558322272e+02,4.473993464667923803e+01,-7.555033345997547656e+01,-1.101661915379402217e+02,6.362931684386099107e+01,-2.791084748996939169e+01,1.027704406605689798e+02,-7.889407687590701812e+01,-4.708289765138263760e+01
1.150296026301393510e+02,2.798426609976086255e+01,-1.477328040906139677e+02,2.577608828601110247e+01,1.481238548588803496e+02,-4.785774446214670519e+01,5.980576964529088713e+01,-8.493869151559050579e+01,-1.367832749694290229e+01,1.089835536450433580e+02,2.192316677549735360e+01,1.289269862715636350e+02,4.253024042278616434e+01,2.218739677200841811e+02,-1.564913369219269441e+02,-2.171933500609648604e+01,-1.084533793292051342e+02,-1.016249174458249342e+02,-1.007183693806039742e+02,1.677258220512203479e+01
2.263009348218671235e+01,4.274559249951163054e+01,-1.123060560144551800e+02,-3.242248189982904449e+01,-9.642946397563682126e+01,9.358815562717158798e+01,-8.702675501809736147e+01,-2.137121519958814631e+01,5.603064413231057017e+01,-6.156286744975647451e+01,6.938784449806537680e+01,1.596079735533148778e+02,1.897117287255252904e+01,9.016109145684069404e+01,-2.073420888936382767e+02,-4.290519268478506376e+01,1.849008169289768944e+01,-1.052965078400306851e+02,2.076493354040917438e+01,1.059940556059150651e+02
-1.879560628010021901e+02,-1.189072865803847350e+02,1.848132707641853401e+01,4.604197294400477602e+01,7.380803749096507715e+01,1.108894788877678828e+01,4.615124050158089375e+01,9.034807085406811211e+01,-4.144581017703261239e+01,-6.085860860064209277e+01,-1.685066309348683689e+01,1.994879422774132038e+01,-6.582734432013181447e+01,-3.937573164732120290e+01,3.977017705072957909e+01,1.577507810297152879e+01,-1.853371228157582351e+01,-1.741069310062649151e+02,-3.507992008540083417e-01,-9.700039675090424396e+01
9.830827052059001403e+01,-3.087211532785076429e+01,-9.962320562225202991e+01,-6.154327388004871224e+00,1.270699585092191199e+02,6.308158491446189942e+01,2.199171506059341041e+01,-1.326095059046856193e+02,1.621600099766321534e+02,-6.216271740359029252e+01,9.337839128723429383e+01,-3.253628783514149347e+01,8.375078724832391686e+01,1.306874095875273838e+02,6.481372699075332378e+01,7.558549597599395042e+01,-9.843898615563221099e+00,-4.339661420728108965e+01,1.382986897858102537e+01,-3.399145057692169303e+01
2.467203710812491977e+02,-9.923582864905137058e+01,1.002085216590409118e+02,5.171968345390135369e+01,2.298722081239377601e+01,1.479886099913840383e+02,2.983774526011791650e+01,-6.349069197424152122e+01,2.917303772534081574e+01,-1.831782689052288049e+01,5.032846688166488036e+01,8.130736316294986921e+01,-8.590879423640694768e+01,1.195336118002815624e+02,-2.548998448684591267e+01,4.436139226821784831e+01,6.170301703206961719e+01,3.673886906306302791e+01,-1.091085176525690770e+01,-4.885975819926642316e+01
-2.689945073033413436e+01,1.565171932528877221e+02,-8.658664371290591077e+01,-7.192433379629660806e+01,-7.631488231437143099e+01,1.357538799176650812e+01,-1.524705449987805821e+02,-1.353559856134393442e+02,-2.609548329592580274e+01,-1.287775445298237855e+02,-1.206271309282801667e+02,-1.280268409362939224e+02,-8.466117091333288158e+01,7.312465066704062622e+01,9.557079561210825602e+01,1.919000893218605768e+02,1.882361858513478410e+02,7.863127098804469028e+01,1.027677674801031742e+02,1.311020906859181245e+01
5.198648520122689831e+01,1.943603048183169903e+02,3.712128680568302741e+01,1.153238578545239648e+02,-9.343516085785110192e+01,-6.662387242582275348e+01,3.120695977949675637e+01,1.499316700633910671e+01,-6.199341874048961643e+01,2.407377583931218794e+02,1.725941039148661815e+01,-4.427250521846618625e+01,1.516188273606302239e+01,2.542670261163477274e+00,1.878025478910883805e+01,-1.593717015351032842e+02,1.291946696566865569e+02,1.348829420439150226e+02,1.470320772036485835e+02,3.254317585362976928e+01
6.624810601645157249e+01,-8.662269480072498595e+01,8.328993285973895411e+01,2.517877068939390384e+01,-4.604066156392422471e+01,8.647446916408404149e+01,9.034490360911001972e+01,6.060883567493300816e+00,4.383825801284030632e+01,-1.031717011933560570e+02,1.243183437214358236e+02,-8.988131880349017422e+01,-7.054256480791758577e+01,6.231564543053687899e+00,1.114516284218459674e+02,1.113948633215661204e+02,-4.824621905130246913e-01,7.730133622538110671e+01,-1.689058449328896074e+02,-7.193199901295528775e+01
-6.989504394636011853e+01,1.252212909759817592e+02,6.546541629080077485e+01,1.846527759046007233e+01,2.817350638293740062e+01,1.568339276030124552e+02,-1.701796665065516123e+01,-1.314067308534039853e+02,1.087195184395304466e+02,1.818390372050607695e+01,9.536716781657810316e+01,-4.476480738650768565e+00,-8.386895237038930873e+01,4.028217210829767225e+01,1.017507074143047641e+00,1.849422828744098268e+01,1.616570494117415819e+02,-1.098702477384700273e+02,2.859186604759825201e+01,-8.189966901586768699e+01
-2.590545973120057965e+02,-4.896518902222379843e+00,3.102293699980703590e+00,6.235221029507587076e+01,-2.175407485839436461e+01,-1.489000355123971815e+02,-8.224315772548629866e+01,1.316958836686703762e+02,-8.366279292906313003e+01,1.583225529692506655e+02,1.049984292571383122e+02,-3.177806043360696364e+01,-7.290791631026989705e+01,1.047912969130578347e+02,-2.409112450936198968e+01,-1.545650139699958459e+02,5.623166206232581743e+01,4.172634478581861117e+01,1.137706202714777959e+02,3.495949993602970807e+01
-5.491469770457174349e+01,1.269678839602134133e+02,1.366990432678843490e+02,2.332059639852074184e+01,6.032191453297222949e+00,-1.323271023105104973e+02,-6.075263423464761559e+01,7.607696419593537485e+01,-5.572803003627007001e+01,-1.456837869393322649e+02,3.495877789600099277e+02,-1.463405958426688471e+02,2.256751396434117396e+02,-3.074234445982599340e+01,-8.456299914380814187e+00,-6.722782721875988443e+01,7.828371647378921239e+01,-1.439774213110084418e+02,-1.840329036234172122e+02,1.610171529378606294e+02
-8.039723988069778216e+01,7.460881195396844134e+01,-1.085456076896216047e+02,7.084210428945820581e+01,1.683546498778450200e+02,-5.271213854151164213e+01,-1.933441106785980992e+02,1.688793913309905008e+02,9.262443215248913475e+01,-4.735712337713081155e+01,-2.179520532686460399e+01,-1.110652196249685630e+02,1.420256932441959918e+02,-5.347156078106451105e+01,-1.418708537547473441e+02,2.136458815124714761e+01,-8.600133615785399854e+01,-1.030014575863108064e+02,-4.300992037619455033e+01,8.635531550037072179e+00
-1.381109755914746984e+02,1.385148925212323547e+02,6.771597120657875735e+01,-3.653629907727311377e+01,-9.033434862969978951e+01,-8.922545291666427403e+00,8.994350407557219285e+01,7.445840271996790705e+01,1.058504300451178040e+02,-4.803774909803219373e+01,-2.924925179196677050e+02,1.247811197916246897e+02,-1.671961430723519726e+01,6.661660654716619945e+01,1.669228754640301986e+02,2.434408633237681840e+02,-6.498214781408205454e+01,1.339599071656446050e+01,1.366836460605445893e+02,-8.442790185229958411e+01
-5.821115937904281168e+01,-5.880385784588749942e+01,-2.809031340802222942e+00,-2.201236802899700251e+01,-5.937953222563243827e+01,-9.657574156062591442e+01,8.119403283952915729e+01,1.337831020966117137e+02,1.482714794172414940e+02,-4.810735573844842605e+01,8.537246722572774615e+01,2.363259027277754498e+01,-5.706713486133255486e+01,7.342182187081964173e+01,-6.166050540454969564e+01,-3.761766027816884872e+01,-1.376729702503629937e+02,-4.642210974332259354e+01,2.538612090145848654e+01,1.568934495677495420e+02
-3.534954462016866472e+01,-1.038169147086933890e+02,1.497368970934124945e+02,-5.045524370842176864e+01,-1.748381656140865061e+02,1.330937351367840549e+01,-3.247734732791751355e+01,2.300395642685171822e+02,4.753660343472122207e+01,-1.463423536548360815e+01,-9.244972092556034227e+01,3.301668411929673397e+01,1.456709950061794245e+02,3.118141834772604781e+01,-8.474296921179458764e+01,5.388062117519540095e+01,-4.860689487281550036e+00,4.486131033181622030e+01,-3.548073501842205246e+01,-3.782952742612121000e+01
-4.177797974317796559e+01,9.422381514973614003e+01,-3.682252752410914098e+01,-4.597307313742270196e+01,-9.420659015623664345e+01,4.540138017167674889e+01,3.117018021312185638e+01,-4.487682244886309491e+01,-7.093787075578609347e+01,1.876173413227711819e+02,-1.880443055124837883e+02,4.931720032017211963e+01,1.291403548216008517e+02,-3.386813761488300543e+02,7.941400600761792816e+01,-2.202546014960881848e+01,2.560548642832592847e+01,-3.232379645220900244e+01,1.075393445646077026e+02,3.631193416713573185e+01
1.317198895343158505e+01,-8.988606069585932801e+01,1.882292233834188551e+02,9.931019733270987082e-01,2.289805797460458905e+02,1.927569385178194921e+02,-1.778350967265380689e+02,-6.549459608026901947e+01,-1.036951005974941893e+02,-4.820608148706245544e+00,1.871640204861619949e+01,2.299264678934303419e+01,1.054128676018978723e+02,1.493582769308869445e+02,9.674877492386387701e+01,-5.609352142237467120e+01,-7.820238651074394909e+01,2.761835883936449854e-01,4.261195264046614994e+01,-1.831913457171222248e+01
-1.345484836252222181e+02,6.820595085768006527e+01,-3.923147687339035627e+01,-4.225127344220433656e+01,-5.461267405809286046e+00,-2.398989170801613824e+01,-3.665010555121016012e+01,-1.280125306933189790e+02,-1.122474669516587475e+01,7.029537919068674512e+01,2.646440051212890054e+01,9.481214391006447784e+01,-7.285450223200068365e+01,-1.278058479117801625e+02,-2.458499789779965994e+01,-6.142366185486970664e+01,-5.103349832077479675e+01,2.117497180811272628e+01,-5.030805391046554575e+01,-1.250068489206394275e+02
-5.589947278819980880e+01,3.400593668608015463e+01,6.714806010069173681e+01,6.614227840833470395e+01,4.244730942479095859e+01,-1.680934659652443486e+01,4.049140989591295181e+01,-4.233565819823712495e+00,1.130961378202374945e+01,-9.393267378659398048e+01,4.387496376071550408e+00,3.786662342514116375e+01,3.411273134397087148e+01,-1.287519026059298710e+02,9.626077640338241537e+00,-1.443889577463913270e+02,1.736766461385262517e+01,-7.013371916027139719e+01,1.705642942525444994e+02,1.192433292958900459e+01
8.011640198239226152e+01,2.110872637024279754e+02,-8.174018110887210753e+01,4.356749109059113323e+01,-1.185911009232846141e+02,3.448970082499192813e+01,1.765709266450403163e+02,-6.278832144417892636e+01,-8.859543132945960053e+01,-9.117423351856317026e+00,2.045817288088285579e+02,7.710389199532549753e+01,-9.049146520560104534e+01,1.455060582481769131e+02,-1.655062992333186855e+02,2.136559128802724956e+02,8.564506800151589516e+01,1.763557440006717911e+02,-1.647798108384035061e+02,1.694418308596863909e+01
-1.338889265657157068e+01,-1.006979473446641009e+02,-1.296023620251392288e+02,5.070812587595487742e+01,5.977317081136239807e+01,1.299974046725752714e+02,-5.034210533268308296e+01,-1.416098101558099742e+01,-1.382459924946091689e+02,1.540785811994749110e+02,6.954808775724309555e+00,7.225885016201056033e+01,7.579053961110119531e+01,1.459107157301978077e+02,-8.313994672674533604e+01,6.975866003471783472e+01,-2.500870630904148406e+00,2.105677066340631143e+02,-8.343641789960169319e+01,1.171426347763872258e+02
3.503417792283969590e+01,2.978560942060212824e+01,5.402072604748977547e+00,1.346665822836787356e+02,2.638517010739346702e+01,-1.524415338120977026e+02,1.219503568712245141e+02,1.036201832131721972e+02,5.871376842128472617e+01,-1.128473629747546454e+02,-9.731153602213203158e+01,-1.877442885236108907e+02,4.603298731798137311e+01,-1.349548848174369482e+02,-1.718750892862164505e+02,1.274989119300043825e+02,7.681795644628469688e+01,-3.331716648309270568e+01,-1.340465832571954330e+01,-2.407344206983942172e+02
9.167449190592202513e+01,-6.927314644886841677e+01,3.302908631331407463e+01,-2.488562261791483934e+02,9.775680321615458013e+01,-7.528447693857241063e+01,-1.376042263789354365e+02,-3.396016344883671678e+01,-5.963952179354849648e+01,1.074267612909866330e+02,-4.203951223616271449e+01,1.362617026613367557e+02,3.301426157890729485e+01,8.943678872123744839e+01,-2.166453227886297184e-01,1.272058982339883073e+02,-1.153623990282675891e+02,1.136244574943270003e+01,-3.964358294314148878e+01,1.396628479507311908e+02
1.499034404659425661e+02,4.212592371184663981e-02,-1.291511101095805145e+02,4.270973167916675806e+01,-1.664609735033766640e+02,1.626142798783111516e+02,-4.731700706360385311e+01,-3.057016341749519306e+00,-6.809510758067540337e+01,-9.017815867008206965e+01,7.372913165470522756e+01,-1.586166770513215951e+01,4.248253892317522151e+00,-1.003891079218839337e+02,8.560592234970397385e+01,9.577897351368669376e+01,-2.089284868795773775e+01,1.267922133331887267e+02,-1.041241542245225382e+01,7.797554962888206376e+01
-1.622927580830097440e+02,3.534308664864123983e+01,-2.714814676069348209e+01,1.555224259549961552e+01,1.106824056558261660e+01,1.256998221769840285e+01,6.157007293625535027e+01,-5.651736316059790255e+01,5.690792595356432315e+01,1.232524883117906569e+02,-1.410141004980323487e+02,-7.805400982293255652e+01,-7.385354255011861824e+01,-1.092045799450959294e+02,-4.746977696370588973e+01,1.033118515399840334e+02,1.447586924512428368e+02,1.061749697465021391e+01,-3.242360108482003511e+01,8.029239690806599583e+01
-2.363968494252179937e+02,-1.055178472103158356e+02,-2.321630406699915454e+02,-1.065699717355441862e+02,-7.670175269020002418e+01,1.477681877937678223e+02,-2.761061966155989467e+02,-4.167026002343339286e+01,6.195664721781072615e+01,4.107306632690932702e+01,1.461738133534893791e+02,1.610514785965885309e+01,3.742781804811449575e+01,-1.838506831802550039e+02,-9.882688581768088909e+01,-1.782704743448023521e+02,5.726081079140995200e+01,3.486904517572458673e+01,3.135379672835153642e+01,-8.814336084580742181e+01
-9.729497793166653707e+01,2.094469322964173585e+01,-6.693860527711348141e+01,-1.020404563832236704e+02,-5.083893712580682944e+01,-6.607420360353083311e+01,-8.667229746284532155e+01,-1.225767816757602020e+02,4.486897683389067026e+01,1.556049439477056922e+02,-3.900420061865384813e+00,2.224341369699283888e+01,5.363778526017036796e+01,3.665657571931219394e+01,-8.469123283169791705e+01,1.719846211102585301e+02,-7.573105136779608415e+01,6.480883646604091552e+01,5.301913073429116707e+01,-1.958441542134637814e+02
-3.588464169129193237e+01,5.662845181217025292e+00,1.331512114242859646e+01,3.014205155167670114e+01,7.576628729399759266e+01,-7.515364270778083222e-01,3.546175680179439382e+01,-4.495458677238304723e+00,-1.017333656754773443e+02,3.240144136967392008e+00,7.490898442530695434e+01,1.108788382475365069e+02,5.373156575442040861e+01,1.334350325949299361e+02,4.188647474089805200e+01,8.638798216688371667e+01,9.373911492797859069e+01,-2.233505408837356043e+01,7.260034325676684830e+01,-9.406448976409141949e+01
3.498123425488637395e+01,5.770258266684529502e+01,1.051095120699330181e+02,8.207593039813062319e+01,1.064114183334713459e+02,-9.938033012642303987e+00,-3.453931546700474797e+01,-2.748987578856164049e+01,2.662837304486303580e+01,-1.808747015642252620e+02,1.331756970394553434e+02,4.387335982897490716e+00,-4.150015823351192523e+01,-2.529716210605460560e+02,-3.681350617828261562e+00,-1.984765150757556640e+01,-8.970464306452549863e+01,-6.730468451270121477e+01,-2.663664444516344432e+00,-5.882364595876828162e+01
5.718780661783557662e+01,-7.487835886440163335e+01,1.546084295207779036e+01,1.180045368811170334e+02,-3.659586256255139336e+00,3.559771239597455406e+01,2.926513874005982174e+01,7.996899617265849081e-01,-6.700714194351027331e+00,-5.713742214499119143e+01,1.510122905578194263e+01,-2.832675088394671548e+01,1.546090168234707107e+02,8.111432591099114120e+01,-1.452795895888345967e+02,-1.397157998218077637e+02,-1.304598690393650529e+01,-3.953054774397463689e+01,-1.831939182219253226e+01,6.511614606523131954e+01
3.157358988773569308e+01,3.056292304581543817e+01,1.446194665495393394e+02,-1.388891554173079044e+02,1.039388341488991863e+01,-5.790525479472540127e+01,1.435435785839351865e+02,-2.209351605823343334e+02,-2.165481585713001493e+02,3.046362963480507702e+01,1.126296559324146926e+02,7.732543213170501417e+01,-8.009807933177083328e+01,1.506421722001579724e+02,-1.231468748594208478e+02,1.307484189543344542e+02,-1.099228250358143697e+02,-3.518241723372217677e+01,6.392695378569174380e+01,-1.466207830896165092e+02
1.469023397540767348e+02,-3.579438314013143696e+01,1.372761356782892861e+01,1.162200789040752227e+02,-7.931253451671499022e+01,1.060813686255389143e+02,1.640533570892369823e+02,-6.555789973295790674e+01,1.369387672596294294e+02,-1.760578594241603128e+02,3.896003947945670376e+01,-1.228598515703808687e+02,9.425685485361891836e+01,8.604560484222035655e+01,2.077379995591243187e+02,1.421282982952499196e+02,-1.657711976014549649e+01,-1.081747487298840440e+02,5.656870796693900161e+01,-6.073141038549319859e+00
1.551155044595703885e+02,-2.166380843415778372e+02,2.188056759288627120e+02,5.319906076118036253e+01,-8.130121217203722495e+01,7.339892274185658039e+01,1.297421421289703858e+02,1.143468913036887180e+01,-1.764920384144842842e+02,-2.938470363471059699e+01,1.039395053042138102e+02,4.966647342273746801e+01,-1.565070308353727313e+01,1.308315830891435496e+02,7.393058408322966102e+01,8.163391559383438789e+01,-4.106346919808012785e+01,-5.073836817460986026e+01,-1.699959720683021374e+02,-2.593917559372561499e+01
9.353920537981279892e+01,-2.040932970155868986e+01,4.455388465290051414e+01,1.111199356653280290e+02,3.728329917986322073e+01,4.705147617608019317e+01,-1.357822462037554203e+02,-3.225647841019771533e+01,1.726626506496594970e+02,1.037971810960934604e+01,1.896738181996574610e+02,-7.231156306389472377e+01,2.339474521345397662e+01,-3.826784375518681713e+01,5.919846851245531383e+01,8.950086680601209821e+01,6.024660957009005102e+01,1.041852143748028823e+02,-1.317298852232687834e+00,-1.905283676636782175e+01
-1.758193007275971809e+02,6.384509351645648678e+01,1.721840922401566942e+01,-6.791473756253290972e+00,-1.908174054543452769e+01,-3.687956134379011264e+00,-2.362361314979170501e+01,-5.280338385633044140e+01,2.395888807241687246e+01,4.841591189329527367e+01,-7.705679143861807745e+01,-4.007355691873908654e+01,-2.046217512648684789e+01,4.813307376784877745e-01,-1.281854695857671445e+01,6.597211996563939351e+01,-1.652367015703809159e+02,-1.475037198340116902e+02,1.935693992535776786e+01,-6.026858478277885922e+01
8.842423057738108128e+01,1.169800952588550444e+02,2.337471764229102433e+01,-1.071974916274179179e+02,1.054593516227059240e+02,1.989026621503273873e+01,-1.486935972527117542e+02,-1.398519648065184242e+02,1.516946789708644872e+02,1.351135913261229575e+02,-2.517143142096244901e+02,-1.357790895257876684e+02,1.140855495621655251e+02,-1.849258839304811941e+00,7.018492854920928892e+01,-6.195274609809677813e+00,6.544924900712037186e+01,5.833546665433633205e-01,-4.376082567569662984e+01,1.058743829914809282e+02
2.020546160256461476e+01,6.523887162435667619e+01,1.574479249607666276e+01,-4.863568935498129520e+01,1.608389311357192355e+02,3.549682547576655622e+01,-3.550486443721515428e+01,1.278329470318715977e+02,-1.320823773878957184e+02,2.236283650795986091e+02,-1.791497576634284883e+01,-1.268014207383376402e+02,1.905941348457564857e+02,-4.631676130727913687e+01,2.432445698556271907e+01,7.176907414394635509e+01,1.184172527660145562e+02,2.997745637215645687e+01,-6.473154083300372008e+01,2.189925233339924660e+01
-4.193155453317212533e+01,2.490116763645237086e+01,1.628149545756858174e+02,7.559251916437938235e+01,2.066464380983387983e+01,7.384908326063401773e+01,8.100806519091857183e+01,-1.077874102968725367e+02,4.172271121569784746e+00,2.562527659332515668e+02,1.212820985031866314e+02,-5.034355591611998904e+01,-6.032078961176215870e+01,-6.365257231756022804e+01,8.663199502620571479e+01,1.607640921116217498e+02,5.821670444800580668e+01,1.571623498688179410e+01,-4.441553576327715547e+01,3.293731455835267496e+01
-8.201217200962095433e+01,-1.935765547211238413e+02,1.636825690112448797e+02,-1.005812670362109316e+02,-3.248323736693193098e+01,6.563574506292908950e+01,1.434466869346053954e+02,2.571306524186212528e+01,-1.193710987660828238e+02,-3.013464496915511504e+01,-6.784854050250793023e+01,-3.821102747132101740e+00,1.231984471269635719e+02,-2.537388596069883988e+02,-4.113898300274907172e+01,-4.840496363870182961e+01,-1.256761344895639354e+02,5.854907437496160583e+01,-1.414975871876048075e+02,-1.299894279296324839e+02
8.510692140206136003e+01,1.500571368962668544e+02,-7.609676861195927344e+00,-1.217396118989265972e+02,-7.055540917782498411e+01,1.008001947245044931e+02,1.164382406633936640e+01,-1.010387768819227894e+01,3.130497099131462235e+01,-3.765994352544069113e+00,1.545712297659217143e+02,-7.491432646936010542e+01,-8.639591168352134787e+01,-1.383453518068656081e+02,-5.399876357256901827e+01,-1.091975474666154469e+02,2.180755086527237196e+01,2.094736552514338435e+00,-1.079075500067976350e+02,5.891393590279725601e+01
1.516812867129873723e+02,3.578383486710235672e+01,-2.543498182955473510e+02,1.987130970670105228e+02,7.469234690710594293e+01,1.956418253188450933e+02,1.090723586149834148e+02,1.290515418870558904e+02,2.052668936010846323e+01,-2.622960121898326591e+01,3.734811877321604356e+01,-7.087850802465391098e+01,4.338808509002322467e+01,-2.626786257350710798e+02,4.293224521441284303e+00,1.344676120102132870e+02,9.430857892896574057e+00,1.727482738030987832e+02,-2.637453878486051906e+01,1.002650912987827780e+02
-8.782700736733660563e+01,9.619566195553785803e+01,2.325949082278163971e+01,-2.197504958427288102e+01,-2.573882115064420191e+02,-2.543767758055499684e+01,2.134530192798104764e+01,8.287094352199171965e+01,1.560949799099067548e+02,2.035032701365910839e+02,1.246267343122984244e+02,-5.620903253041943515e+01,-3.048040895177390297e+01,7.389154710436831408e+01,5.196144598478016263e+01,1.628345959391361646e+02,2.479389418709911865e+02,2.267180195098223123e+02,1.493938199798344613e+02,5.279026489428972013e+01
1.349325062945843854e+02,1.661441013728395717e+02,-1.473003972550183605e+01,-5.326609725087590164e+01,-7.674210000716747970e+01,-8.763847334453032545e+01,-1.381995322593190565e+02,2.499017091177274708e+01,-9.997528010881316618e+01,-7.835221841353823891e+01,7.012555591767271324e+01,1.816090662535097877e+01,4.296249406336745835e+01,1.365148761892081382e+02,8.645299085407953044e+01,1.518886581452663052e+02,7.997649477807061480e+00,1.611790591312395691e+02,3.597367643574598617e+01,1.687062610952029473e+01
1.461526206276503501e+02,-8.721536791932950905e+01,2.023600567542475233e+02,-2.821000200372859013e+01,-1.218107971549322173e+02,6.535019520558623185e+01,-3.773215101182605480e+01,2.025807091911250382e+02,-4.329008187851471945e+01,3.144489173519620095e+01,-1.425593315478103023e+02,8.129142448974711499e+01,-7.773900758589046234e+01,6.933246903326009658e+01,-4.283452397058617578e+01,-2.046934686722799199e+02,1.311900903438834654e+01,8.642851707843522746e+00,8.810715736226134709e+01,1.556000571839204270e+02
1.912409409916798495e+02,8.641542134708859635e+01,2.786191920659182131e+01,-1.427333589515465349e+02,2.020209369900072005e+01,2.149401699389326481e+01,-1.986402596560279932e+01,6.329676506008085823e+01,1.121905710982134394e+02,-8.184039305286839294e+01,-8.339843541994670773e+01,-1.392920117766291099e+01,-6.152291907079231237e+01,-1.641253202359862939e+02,-9.965927363229516800e+01,-1.232321147037440596e+02,1.208450508018153187e+02,1.702827006009278250e+02,-1.095433457294586788e+02,5.460735131371112772e+01
8.735164244697507741e+01,-1.492268786659863906e+02,1.609789471789994764e+01,2.533516165346525781e+02,6.771468663576307279e+01,-2.453005413325305284e+01,-5.601865252182089705e+01,-2.022461584720895189e+02,4.704736561167320019e+01,1.947816787254315329e+02,-8.135437543979206509e+01,-1.935584679517061204e+02,-6.642241813532243100e+01,8.815997459782084889e+01,-4.285000048220853586e+01,-8.204680929130881850e+01,1.915491505785900328e+00,2.297007471678550772e+01,-1.388390140771694519e+02,-2.172836969368236026e+01
-4.972676139223383984e+01,-6.409043492480826387e+01,-1.017036669391447816e+02,9.412578547947975949e+01,-6.443869287980280092e+01,-1.994945285813285238e+02,2.642978219754334290e+01,7.251994726731844310e+01,-7.960160652158775463e+01,-5.596626897839662718e+01,-6.490537204283725714e+01,-3.466533614301104649e+01,1.106850182189822078e+02,-1.140591723723564499e+01,8.395935456672053476e+01,-9.688316315467528739e+01,-3.836904195809842832e+01,9.540138158473067165e+01,-8.056053984262592849e+01,1.012136460908530609e+02
-6.283840909951381093e+01,-3.216625150584194870e+01,1.670162587348924887e+02,-4.358189771662313916e+01,1.453458027506346895e+01,6.164364225217359206e+01,2.265086496720112663e+01,2.550533488895765899e+01,-5.653974398173431837e+00,-1.302239209016322832e+02,3.482893300997583452e+01,-7.324684570116541238e+01,7.757672174031765167e+01,1.372061423949685661e+02,-1.805557261417015411e+02,1.373807827427104371e+02,-4.110577918670434627e+01,-1.309492221844728022e+01,-9.123874525123896717e+01,1.884677290662767746e+01
6.681488317740555516e+00,1.076922825292850376e+02,-7.413932766302568211e+01,1.660802401937908428e+02,6.647140863088894491e+01,9.096897677540905391e+00,-1.807843638954910048e+01,-3.065694471338502680e+01,-2.413437744065047852e+01,1.684019569354735069e+01,-2.089999606937322696e+01,-6.405294565074872537e+01,1.744592948367023766e+01,-8.362881187253874771e+01,3.224669010017471038e+01,-2.230670354807415379e+01,6.967309092318438957e+01,9.890742106954768076e+01,9.886805603447386659e+01,3.181050560526260185e+01
4.348312207668453055e+01,-3.227510261184355755e+01,6.776396884833475553e+01,7.905013606617232824e+01,-1.567329153524528067e+02,3.783471956072636999e+01,1.368129807708866963e+02,-3.562902946047844210e+01,-5.745469761338791415e+01,-4.198634610863192052e+01,-1.504875992829126687e+02,1.259839544489105911e+01,2.996544009725141677e+00,1.970268328773009259e+01,4.159766212178019629e+01,-7.979934021814764833e+01,2.731991990220437572e+01,4.431986599157297491e+01,-4.883917308170321547e+01,4.201179982519728640e+01
8.070662638674130918e+00,-6.311897694433800154e+01,2.827886964836766026e+01,-2.907107433532194563e+01,6.970652740143870574e+01,-2.391663800690377428e+01,-1.289765581765059892e+02,2.669869855276508730e+01,2.294032478314345980e+01,-1.081137112797661501e+02,7.505361154353056463e+01,6.982208361354788906e+01,-8.699801924749085913e+01,-6.596263010599115262e+01,-1.420076130295268513e+01,-7.588521310376378892e+01,6.403971849116776127e+01,1.489719493272098916e+01,-1.093557145888235880e+02,-8.224709128492901300e+01
1.187719177166401039e+02,1.535562377915414913e+02,5.387289760525085569e+01,-2.112752551503138321e+01,-4.399629124065766206e+01,5.496994183110051324e+01,7.592053425948668277e+00,-1.610071447414376564e+02,1.031867982534830475e+02,1.345803267362869065e+02,7.372525329431979912e+01,-1.091611194628208068e+02,-6.368264497233396781e+01,-1.857719861357711295e+02,1.596048491395555970e+02,-3.567385632590279698e+01,2.333289321649782551e+02,1.955230030907778200e+02,-9.034264163689434213e+01,-7.082677394030130813e+01
4.661903423471197527e+01,-1.754542103866270395e+02,-4.382591173785617400e+01,-5.381590012067285755e+01,1.851165941946708244e+02,1.610178855044556201e+01,-2.847669775371961620e+01,-6.314847326853011111e+01,8.940495973247941208e+01,-4.967108239304083384e+01,-5.028297436249998142e+00,-6.391235224719643782e+01,-1.517537132015394548e+02,-9.960351277026640560e+01,-5.019717073646935290e+01,-2.632548302636291027e+01,-2.194239259235076389e+01,-8.891970051876233683e+00,-4.886876301510091025e+01,1.349126348168406082e+02
9.479841198569820904e+01,-1.351092671908381782e+01,2.542582797409962936e+01,-3.720882414529550175e+01,-2.843485292051775559e+02,2.049301292602487834e+00,3.056143612512158825e+01,-1.612661758040227369e+02,4.994110691946026748e+01,-2.805766779448092407e+01,3.379337206346621514e+01,-2.503986473700857829e+01,1.250954474226848987e+02,2.262288205840868116e+01,1.002416458672007309e+02,1.084726142174944954e+02,-1.119555726088410381e+02,-7.390168700211475539e+01,4.516106827262558454e+01,-3.655372837581720802e+01
-2.386067692562957987e+01,1.286564822170609546e+02,-3.103663781920701226e+01,-9.689293482485823006e+01,-8.338000016355945831e+01,2.182356501192701046e+02,-1.782194803852370057e+01,-1.364247755217910480e+02,-1.769458595316594369e+02,-6.246366426741135314e+01,-1.965221194273834726e+01,9.491737064276726699e+01,8.523451664617670076e+01,-6.346421072835100041e-01,-4.541685861595890117e+01,3.396018534216899099e+01,-1.748746076136388012e+02,1.981080893929217552e+02,6.541055958566110462e+01,8.669902197282722511e+01
-1.074153381876610638e+02,1.282648641296595997e+02,-4.600171610262952271e+01,-9.525581228185633620e+01,-3.917237060621957756e+00,-6.255508598837396406e+00,-1.078537072511996655e+02,-8.949373535413653258e+01,-9.732317753280501904e+01,-9.637150678568247031e+01,-3.880979070996003344e+01,-1.388985136172457828e+02,-6.913744974139358135e+01,1.045134548384269095e+02,8.233094521041837766e+01,-1.049879240892754666e+02,9.582049172942336668e+01,-1.966439269136049006e+02,2.429144322012153339e+02,1.300313192135592431e+02
-5.597319121401066155e+01,3.824265617351099422e+01,-1.400919328109129083e+02,6.044278992581349819e+00,-1.836630325024668409e+01,-8.347633893923955384e+01,-4.685574863258590028e+01,-5.669874758094270817e+01,-1.131736719317635362e+02,-8.581472458966631223e+01,-1.441844425999712485e+02,8.573307655606177491e+01,-9.321127464562690079e+01,-1.222020871570154128e+02,8.415046798159968944e+01,3.696203543393301061e+01,8.045010559489593049e+01,9.160832241966544132e+01,1.937454896938423872e+02,-1.560397666931843652e+01
-1.457607678995507570e+02,2.710378007621253715e+01,-6.690046228798173900e+01,-9.575052833155407939e+01,9.992517221724089183e+00,8.657527330095898321e+01,-8.359948415962833224e+01,1.274388087331718538e+02,-9.896139590028158750e+01,-2.439032213254632353e+01,3.863078817808681009e+01,-3.878992086840583653e+01,-1.776002338938536980e+02,9.274074917888050607e+01,-6.234643403560271224e+01,7.448984493936927720e+01,-1.264144135027662088e+02,-1.093436582096411769e+02,8.624334095553571444e+01,3.405080927420234360e+01
-4.385857106846763998e+01,3.550315981708374835e+01,-9.540391355443580323e+01,1.102591174889092507e+01,1.285539233900653500e+01,-3.737816051910287740e+01,-8.352857055907584538e+01,7.024857821479363551e+00,-5.498114330089820534e+00,-4.658220789196090550e+01,-1.033814470180750078e+02,1.247704933546745831e+00,-4.633223648366058001e+01,-1.034657620436933314e+02,4.352981075811124256e+00,1.608305472055386076e+02,-3.668276659070778578e+01,1.497776541242022859e+02,2.114331714730095086e+02,-9.534189023776750105e+01
9.044208198964411860e-01,2.103731917816309362e+02,-1.210799614090440279e+01,3.681214576539991956e+00,-1.670005474374891890e+02,-5.316619003196677795e+01,5.555886846689370628e+01,2.429282642951250182e+02,-1.960068334716904559e+01,-1.662626322251354907e+02,-1.405249190773308783e+02,-3.578968593829678912e+00,1.177206798052248899e+02,6.373536828753954353e+01,4.602558635101262041e+01,1.309144386917596137e+02,-7.202290875189514452e+01,1.909471995756534923e+00,-5.203821202023954129e+01,-2.714557354520735899e+01
-1.006269354325485068e+02,-3.439760714337958802e+01,-2.771556624539900593e+00,-3.714714998615503561e+01,-1.610615030138017900e+01,4.050405434371862867e+01,1.238695769064399173e+02,1.311155868112597886e+02,7.614217673969922373e+01,-1.259981478438315889e+02,-3.604099855698534327e+01,-2.742850307126013476e+01,-6.571498307885643442e+01,3.423511790296067403e+01,-1.594328493281457781e+02,1.693566469528291520e+02,1.195220671521714593e+02,4.782022619017577370e+01,-6.210932992018467935e+00,1.228839295072553455e+02
6.894049367802671213e+01,1.106637784218092548e+02,-5.905208225984014625e+00,1.789313085864167192e+02,1.166887875689856031e+02,5.095362954359312369e+01,1.255972920431154876e+02,-4.191619418339722358e+01,-1.167500359347026517e+02,3.215505130474755902e+01,-5.709044581346881309e+00,-1.977173422776290934e+01,1.216312039349403165e+02,1.671392132106304018e+01,2.635690735354843639e+01,-3.270525587540961965e+01,8.811231392795258444e+01,7.018757813079194818e+01,8.736596768942933977e+01,-4.972639666361785515e+01
1.304088460046994840e+02,1.838768423766373132e+02,8.420383973247056986e+01,-8.092882872442909559e+01,-8.022022842362012796e+01,-3.753769555930877999e+01,-5.643772140185209452e+01,-7.109262568726467002e+00,6.324424663678476577e+01,2.899524407498485346e+01,2.022890563862890900e+01,-2.412027498001459236e+01,-7.384592716454924322e+00,7.965755075290013565e+01,-2.011958027499814818e+02,-1.139040847873155959e+00,2.879875949273249347e+01,7.835830685472927826e+01,-1.010045939283824339e+02,-1.062909682453118734e+02
5.839549948781336042e+01,-1.904452240256916014e+02,1.332189110760785411e+02,2.265919914928104362e+01,1.558721212843436774e+02,-1.087072376569512926e+02,-4.363594687182404641e+01,-2.407868326926885629e+02,-7.956897629952761974e+01,-1.838468807218792733e+01,-1.962707580008436707e+02,-3.946268121983994348e+01,-1.987340176860244298e+02,-2.574601849114252872e+01,1.147111927108236671e+02,-3.497975011412268742e+00,1.658207372611802839e+02,7.862925633946098003e+01,1.348147848606971309e+02,-7.649452408782836699e+01
-7.891416283926022857e+01,3.456134163853685948e+01,-1.577702091632858981e+02,4.711437497620903514e+01,-3.239198165469295532e+01,1.329996837546657105e+02,6.795122540794105248e+01,1.096706430340126985e+02,-7.542060813950472209e+01,1.048210268761728088e+02,1.444712494364282804e+02,-3.871382338034075943e+00,-7.393506193664882176e+01,-7.217872012344093946e+01,1.239012992015964869e+02,2.684345742423311094e+02,-9.816450701752221164e+01,-1.058520050042560428e+02,9.214141806744787289e+01,-7.539135293666444682e+01
1.018355384228269713e+02,4.653461735266458987e+01,-2.397730249796387270e+00,4.412715345216878404e+01,3.801983691533939691e+01,-1.796064977861756162e+01,-1.756361031638494410e+02,1.786507285890348129e+01,1.573060366064164270e+02,-1.608768663204523364e+02,-9.657850201389447875e+01,4.268269747660109203e+01,3.859186273228059516e+00,4.111821595842895505e+01,-6.993182078276619507e+01,1.162458286592306109e+02,4.690056569021104238e+00,6.969855223430572266e+01,3.202774109710964012e+01,1.754949679609926605e+01
6.268336570281298492e+01,1.864879539669504638e+01,-1.190199028095512119e+02,1.087356825715964703e+02,8.181272862481836228e+01,-2.106850391357809826e+02,-6.542002848756773403e+01,1.042360462492806903e+02,-1.826928546477833777e+02,9.435668819007445052e+01,-1.412225356542506916e+01,1.340282570333991430e+02,-1.146789075463624519e-01,-7.220679929956276055e+01,3.080856607591405805e+01,-3.038548950998622988e+00,-8.108511341406807560e+01,2.218343483011386468e+02,-9.710981815843146592e+01,-2.242955375059793823e+02
1.581698968121492612e+02,-5.835634723159264325e+01,-2.967732609656955489e+01,-3.579060646290341907e+01,-5.696514341583259977e+01,-7.661924712634458956e+01,-9.968173024969644302e+01,6.475976170456565484e+00,-4.019875576756351165e+01,7.303621903339465860e+01,4.826940516161540984e+01,-9.275121935254043137e+01,1.085212760723561232e+01,-4.178383241213531107e+01,-9.916604426336658662e+01,6.894315705151325346e+01,-1.213252793083648307e+01,-4.075500201704790015e+01,-8.555672364232790983e+01,-1.027936761073338801e+02
1.988768023914545893e+02,3.341186496299965114e+01,-1.091129037202816647e+02,2.878658983228128321e+01,1.062016176795537632e+02,1.675176125300423990e+01,1.374021342133124506e+02,-1.542813142069967114e+02,-1.991322047380210734e+02,2.605174218537532127e+01,2.764961433738831076e+01,-3.339500178254241973e+02,-6.235760912020150926e+01,-1.008662314383454941e+02,-1.391946240703156548e+02,-1.011041764609810940e+02,5.957878015993595966e+01,-1.017405021289708316e+02,-9.831221345818416069e+01,-1.618805308857679108e+02
1.268909642515825880e+02,4.346323654706343120e+01,-2.492356202902901146e+02,-9.822400792231864841e+01,5.285178843949259431e+01,1.281392548982836956e+02,8.408387593666566318e+01,-3.556829102578855384e+01,-1.931376860793038475e+02,8.702489939113104356e+01,-2.968968513205043536e+01,6.886201461506992416e+00,-1.774204382084968401e+01,-1.355529499576267938e+02,3.642502122229890205e+01,2.264590311134467626e+01,-4.257888429147983800e+01,4.711057998624870891e+01,-1.373999547423306069e+02,-2.690027758831088889e+01
2.612747293578881802e+00,-1.734927632135062368e+02,-5.709661083605340970e+00,7.336451466812958699e+01,-3.032309240428677199e+01,-3.411490251434442289e+00,5.623440392341669991e+01,-3.878001088662726659e+01,-2.977973995442889077e+01,-1.176703514532467096e+02,-1.493677732076516884e+00,-3.348484836047800428e+01,4.990897950533227601e+01,5.634599541832392333e+01,7.912090390128810213e+01,-5.082603508951309124e+01,-2.176581085624115985e+02,7.416397464647745608e+01,4.311209640974092139e+01,-6.352916046860899257e+01
5.549401995673372312e+01,-1.448589802516241605e+02,1.030240212870274945e+02,-3.336245517940500349e+01,-8.289276130048953917e+01,-6.217015562388876759e+01,-2.314849860002124515e+01,-1.201207329946323954e+00,4.828028039940689631e+00,-4.296074439581239801e+01,2.002395734614790967e+01,8.279274333433777056e-01,-6.475729955743990729e+01,-7.981906244212639479e+01,6.083655428948374322e+01,5.243260359979052510e+01,5.713635516126331915e+00,9.241954659902013702e+01,-1.961327656167634927e+02,-5.643946415067032518e+01
-1.156317112334644293e+02,2.256272265137850752e+02,7.132198203959863747e+01,-7.906198365827584063e+00,7.849905788461565237e+01,1.116275663755115204e+02,1.105631691524070987e+02,9.217034851003532481e+01,-2.625403232820616140e+01,-5.013654194839520528e+01,-9.621891799806850543e+01,5.024472667290073247e+01,-1.589357353287811314e+01,-4.184710305171959277e+01,-4.706613617278024009e+01,1.450192630634688271e+02,9.526804128416712558e+01,1.830393856128165453e+02,5.290162998921087478e+01,5.695444025489808659e+00
-2.540245074492479382e+00,-1.020301547261472876e+02,-1.261418991751400682e+02,5.073410218928745508e+01,-9.346787104832547755e+01,2.114577538672358514e+01,1.115466683095211522e+02,-6.654539330308965361e+01,2.010481634591577915e+02,-9.906951209440994432e+01,9.901947564898459575e+01,4.247561811323622294e+01,1.194095249946151256e+02,-1.116197611359689574e+02,2.307020916953610765e+02,-1.787750837829056394e+01,6.766479392992815178e+01,1.444487488946500946e+02,-6.046620674952156804e+01,8.257263629471786714e+01
-7.714696452214927547e+01,1.396961580457839318e+02,-7.601807312287337481e+01,3.850698249575913668e+00,3.061207010119601435e+01,7.842997697226158493e+01,1.968476308426544961e+02,-4.519689896144894448e+01,1.138734774273606547e+02,1.970258448634137096e+02,1.657333608649173584e+01,-5.501327501202916892e+01,-1.730033739435291693e+02,1.883275767411062418e+02,-2.444443299243636503e+01,-1.001358499230551047e+02,-1.358330084209762845e+02,-1.003214190390041267e+02,9.197052932271651571e+01,1.057868527674738175e+02
6.521218714555362794e+01,1.323378273533644922e+01,-1.245520589501335706e+02,-7.299409459020475310e+01,-1.106619410681275468e+02,5.728210055262651679e+01,-1.063312478861704307e+02,-7.142461110535924718e+01,-1.834872429985071207e+01,-1.669800153096347231e+02,4.677143084084646851e+00,-1.071528810355365202e+01,1.184209145961690837e+02,-8.198655450337520278e+01,-1.299195518312335480e+02,-3.740596495912848241e+01,-1.098091293436016116e+02,3.915459181312451520e+00,-1.859934861826606038e+02,-6.053454033772813858e+01
-9.283716698222197294e+01,5.677570770860688043e+01,-8.105647096253650830e+01,-1.736095758598498833e+02,-2.018200969345483742e+01,3.198861402745090743e+01,-2.712051932607257854e+01,-6.113227792191078436e+01,-6.715621005842626801e+01,1.129480324420339343e+01,-8.894487492395481354e+01,-3.284829714105337217e+01,7.504465708873733831e+01,-1.301323078905645048e+02,-4.366701974027217936e+00,-1.788989412797004661e+02,2.279296700099529360e+01,-9.788092107990611623e+01,1.019591813030795038e+02,-1.476947309645348980e+02
4.420790368010079163e+01,1.221131078526493212e+02,-1.030689401420468414e+02,-8.618849289949395143e+01,-9.441956443765975848e+01,-4.858626884043040661e+01,5.174217991894656166e+01,-5.675049338871236415e+01,-1.120958225206357071e+02,-2.018753706583290466e+02,1.601947506512396160e+02,1.680495630414647792e+02,5.602370394884567162e+01,-8.103836944249847818e+01,7.477021151316466785e+01,9.487069174930662996e+01,-2.542481314127337200e+01,4.136854399889045020e+00,1.231768229489492512e+02,-1.640461357056408360e+02
9.984228231221740657e+01,-3.091538113565131951e+01,-1.112578302011050511e+02,-1.030306473294338758e+02,-8.647221345190882857e+01,-1.210070720101203108e+02,1.771388974389015800e+02,4.912029385010011850e+01,1.064482753608568402e+02,5.623682916166779933e+01,6.122760847017254093e+00,7.475532336563118996e+00,-3.975126389098622326e+01,-3.157823764401704736e+01,-1.408103373812891732e+02,1.081826151040263113e+02,-1.813233286003045350e+02,-1.058610590529199129e+02,2.012034130960610696e+02,1.361728830648267419e+01
1.777104450301987271e+01,6.373385477677290112e+01,-1.540337493121395482e+02,-1.393793366470023329e+02,-4.448943465488466131e+01,-9.033609575476901909e+01,-7.495596500940063578e+00,4.855492953021359170e+01,1.389163047870595733e+02,8.110883397895909752e+01,-9.942767116889544354e+01,-3.749640779477929442e+01,-6.469451712496146456e+01,-1.016560879012349545e+02,-1.244175112677832402e+02,1.664312387724540372e+02,1.064224323264995720e+00,-2.242302066047479769e+01,4.842575665943016361e+01,5.337461037415729237e+01
1.118825653706421406e+02,-7.436616133667655504e+01,4.027222168728204110e+01,-9.111739763508288092e+01,-1.901579437387281502e+01,5.674256716205410278e+00,1.544839957190611557e+01,1.103211058471906192e+01,8.018309825449195216e+01,-5.969883909757720630e+01,1.816742729034715609e+01,-7.589048395204000030e+01,2.920752565885881040e+02,-9.128643177636297423e+01,-7.006526543445546906e+01,8.826480770131198028e+01,-4.294651435011584084e+01,8.830461277010293486e+01,1.530225937258849989e+01,-4.031892665537904463e+01
-7.527553491247770978e+01,-7.888365616368724886e+01,-3.923210025127420408e+01,-1.743963183447978338e+01,-8.318812434238742526e+01,-1.092324301865447289e+01,-1.094115292668007555e+02,7.559012165963520147e+01,9.473623994599644504e+01,-7.043251902085312111e+01,-7.601730551152203930e+01,1.779168070098723220e+01,1.265366093031564958e+02,1.486663664253173920e+02,-1.402742723236267182e+02,1.006304829651523960e+02,-6.155333793519466745e+00,-4.218970046053489575e+00,5.047123656505606704e+01,-4.809574704161140346e+01
1.096700632108304632e+02,1.423962271769806591e+02,1.461284277535236811e+02,-1.843914788265279867e+02,-2.296572687284297132e+01,-1.935230584807757452e+02,-7.652800619433419627e+01,-2.397498871129657800e+02,4.502666346394867247e+01,2.193096355801741382e+01,-4.326011065567661262e+01,-7.911481105503018796e+01,3.140316243536701535e+01,-1.011422071371096365e+02,-1.079462114767326426e+02,-1.202416201934709079e+02,-2.038409307386489644e+01,-5.823075695327627699e+01,-3.842380184636706986e+01,5.218087400187319957e+01
9.632966048594990127e+01,1.450480784895885336e+02,6.013697796829224451e+00,3.475891025627698383e+01,1.888463571309139510e+01,-1.674185698813903684e+02,-3.696970559710865700e+01,-3.650982227406635872e+01,-5.108128257696115071e+01,-4.093932861883799568e+00,-2.194805532143286442e+01,-9.863267639250577190e+01,-1.510259538470531382e+01,-6.390503970850307525e+01,-2.619242726916892252e+02,-1.397068920310463227e+02,8.891432581307871175e+00,1.091891314154109551e+02,-2.427203257678264947e+02,-8.703916337536573167e+01
4.314538339947597478e+01,8.781954637531680419e+01,-4.201135615760180286e+01,-6.827823584210695174e+01,1.219710749890193284e+02,7.960927059985687038e+01,8.586183980760154100e+01,-4.680640024907452812e+01,1.113694237683678523e+02,-1.945068732863711602e+02,1.131230091659013510e+02,-6.653215344188960323e+00,1.289341912478148799e+01,-9.452526580774772924e+01,-1.814026348108150728e+02,1.077041477917307866e+01,5.513945495913973360e+01,7.026923848187649924e+01,5.947785958245863469e+01,3.681616950534575494e+01
-9.237864361929601387e+01,7.674760725200329148e+01,-1.035622347475328553e+02,1.107064236065134537e+02,-8.398186880617295458e+00,-5.070921986548373006e+00,8.659266183051018118e+01,1.001468625534138681e+02,7.706386789501384271e+01,-8.204578495556687301e+01,7.626695504385521929e+01,-8.147896099704480832e+01,7.879014017276591630e+01,-1.425163196062264603e+02,-9.368006193836468043e+00,-8.208911395056711058e+01,8.699356524480258201e+01,1.115166774089013444e+02,1.989965137919326565e+01,1.661091439378845180e+01
7.041771224811357399e+01,1.121114879949117693e+02,3.731117466216154810e+00,-4.996753249479801440e+01,6.472674864404881134e+01,-1.858727371093671650e+02,9.096515395588257036e+01,-7.101869494417120166e+01,-2.402278662724489777e+01,9.160513231183109895e+01,-4.155095163896909582e+01,6.474088785748028840e+01,1.138908754074414702e+02,1.100330900475055707e+01,3.114481558247118187e+01,-1.194358739437190664e+01,1.155979970637202925e+01,-1.116404779950032093e+02,-2.937380865580751532e+01,-1.288205606982519384e+02
-8.987672245273985538e+01,-2.002949020672162419e+02,2.639281535048867866e+01,1.691602165377413485e+02,-4.561057351405709426e+01,9.651335905723796316e+01,1.125692816016915998e+02,-1.199137234348270482e+02,-9.837939176908220418e+01,9.907980883522074578e+01,-9.234136299185230712e+00,-1.290788866150592753e+02,-6.368595869286072286e+01,4.196602448120654572e+01,-7.939366741048338838e+01,-2.774536865434394031e+02,-3.220131772078363497e+01,-2.409931938551961750e+01,9.226434144327274600e-01,1.258883373289529715e+02
5.352279789904524243e+00,2.429373544257071416e+01,1.055536973649419394e+02,1.034401583576196160e+00,2.136520745290102070e+02,-1.263708293979001809e+02,-9.341477131078444529e+01,6.139584082708138624e+01,1.254313532938638787e+02,-2.007949968686243736e+01,-1.010621170789405738e+02,1.760989585225351846e+02,-7.923688948043104574e+01,3.390544511329787980e+01,1.314151811347785213e+02,-4.416052234210209804e+01,-6.221278372567141446e+01,-5.536877420296639940e+01,9.015512565747644658e+01,1.060147705202659836e+02
3.372539176212734802e+00,1.883082253069733554e+02,3.196655927012790332e+00,1.292333214168165512e+02,-4.320016042509393372e+01,2.333756533705564493e+02,1.570131415579711529e+02,-1.279746355285154813e+01,1.434540208717002656e+02,1.383980491172017366e+02,1.553041076292648484e+02,-2.481986335720305306e+02,7.193514492908353475e+01,5.422987693057413594e+01,4.710732809434527724e+01,2.183464333978974281e+01,2.478112795145264613e+01,1.283140305298080648e+02,5.394733736933719825e+01,2.169064437323627459e+01
1.139381014835618657e+02,4.180261784118702195e+01,5.135684273533801303e+01,1.867037108811227313e+02,-4.344807125496472366e+01,-1.515710338401242439e+02,7.236351099079732840e+00,2.145433449569646456e+01,7.215290294571907737e+01,1.073159146619609849e+01,7.551192439725588201e+01,2.504616680271569180e+02,8.015143188770090887e+01,9.773153010514681682e+01,-1.295314077224341887e+01,-1.385257089507302339e+02,-2.298111587129745317e+02,-5.186805821357181401e+01,-2.580371655965119544e+02,5.135490250192739836e+01
-3.828169844248542830e+01,-1.313374866475243152e+02,1.308741199486255447e+01,-7.386321936418038092e+01,4.507762536507686946e+01,7.076263298225042320e+01,-7.018341629884416477e+01,-2.372811810903260721e+01,2.148957538382202515e+01,-1.407042213542424918e+02,2.148075228770161615e+01,-1.431018648079395632e+02,5.657169795528695033e+01,-4.351636626281994324e+01,-1.436542734044234635e+02,-5.799735991408242342e+01,-5.376745811934423358e+01,1.068520883386944433e+02,1.733046992857941149e+01,-9.562774575651327780e+01
1.649066287200486727e+02,6.264904015105582147e+01,-3.363223685796622675e+01,-1.553834185695023109e+02,-4.245935794801935259e+01,-2.205130846576706460e+01,3.690323314502556684e+01,6.072565096596554213e+01,8.065820954107351781e+01,-1.611467430838547159e+02,2.085048211632425819e+01,-1.596158252482120155e+01,2.677977276169878564e+02,6.469443909637084822e+00,-6.226531984613714599e+01,1.103688567169151646e+01,-8.568288010766096363e-01,-1.989039307151015237e+02,4.083044634178371979e+01,-3.105580906785818485e+01
-2.669121516051875531e+00,-8.735685338905581432e+01,-1.093914230212235594e+02,8.788823340756451330e+01,1.108456656442823487e+02,4.180986054372352356e+01,-1.810797600559634475e+02,4.830633592613236260e+01,-1.795936551336686193e+02,-6.611756348282652596e+01,8.655584487572417629e+01,6.575984817044913200e+01,4.569673645334697198e+01,1.312902653919783802e+02,5.600151474079267189e+01,-2.019019225040882475e+02,-3.695308462563598084e+01,-4.160845773106070844e+00,-1.587417267693720291e+01,-6.171351751023892263e+01
-1.030156133463594728e+02,2.400744969459318554e+02,-3.887448252057817655e+01,2.351602053374452623e+02,-1.141290404756054215e+02,6.570600687590076916e+01,2.296414163898694127e+01,-9.219495270650608632e+01,-4.675571098206837206e+01,-1.513006936097005761e+00,-8.441166171661257067e+01,-2.561405940354265454e+01,-2.364902425390615122e+02,7.115159902687391025e+01,1.227151674122792855e+02,4.543637074986593660e+01,2.264258127937779932e+02,6.820962275998931545e+01,1.142809638777559655e+02,1.238362832510111105e+02
-2.751013356585634710e+02,4.236731987495630847e+01,-1.382934950316781055e+02,-1.180903451570805487e+02,-1.006973271801914933e+02,-3.127158000173764307e+01,6.504599607376970027e+01,4.339898250067041374e+01,-1.258138281759753285e+00,7.226834412059608326e+01,7.834863215921028257e+01,4.426241892333453620e+01,-1.724504786074786011e+02,-7.393327893567239073e+01,2.632783394264881061e+00,7.334528831410844418e+01,-1.328579657723986429e+02,-1.134518977528033989e+00,-1.565624456389452064e+02,1.025917985719277965e+02
2.423472783647243745e+01,-1.346136035955942702e+02,-1.352728537804293296e+02,3.874318715842601080e+01,1.374798914563165511e+02,-1.096785837449347127e+02,7.866041086160771556e+01,-5.422377180278297004e+01,8.231941026928866734e+01,6.831909103653127602e+01,1.552998414824394935e+01,-1.834391306280583080e+02,6.811856501241132378e+01,5.020192709968649325e+01,4.104297531945020694e+01,1.956740632309781702e+01,-8.787868883321078783e+01,1.082962771019111159e+02,8.981397208166357871e+01,-1.075422776844665123e+02
1.314295010517751621e+02,1.316694346353874323e+01,1.291369531451724306e+01,-1.763553364186827466e+01,-7.799339658505580530e+00,1.370899188309769841e+02,1.033074984598515442e+02,1.011847083639414961e+02,1.845643525453781564e+01,8.891717235343963921e+01,-8.343130740405722179e+01,5.834429784980670064e+01,-1.534880319689673556e+01,-2.059804987408322461e+02,-1.586101658821963269e+02,-6.629787800892201233e+01,4.151539843487101678e+01,-6.620797883339692191e+01,-5.911167373847088413e+01,7.632609218748417845e+01
-5.550121194496870913e+01,1.330807242034410933e+02,1.165123739820134574e+02,2.188132057131830788e+00,7.534614516583286559e+01,6.172404543563819601e+01,-2.456652759594035018e+01,8.616346629721461170e+01,1.008902055390527011e+02,-9.524352307904003112e+01,1.535486383207416949e+01,1.425038225761659483e+01,8.496194674507047750e+01,-4.438583504493367116e+01,-5.977603327764286689e+01,1.689996603111535833e+01,1.181359223253572992e+02,-1.199377115409933765e+02,-1.024806153337127768e+02,-5.205049079705884907e+01
-3.425770720815523873e+01,-1.765582802437514829e+02,1.498195286915147904e+02,-1.303065913491120220e+01,-2.801045241799712215e+01,1.622637538035416753e+02,7.177934951238125905e+01,-5.354218773333487746e+01,1.646078453081553761e+01,-4.173713237647872276e+00,1.448350856929276631e+02,-1.674242016835931324e+01,-1.442059541858209855e+02,-1.877224106805295776e+02,1.475161347406687753e+02,-7.886146977626302146e+01,6.702116556333099595e+01,7.176343071505194793e+00,-4.166547878782574088e+01,-2.598474170031255781e+01
1.583377881529532942e+02,-1.448063428643124837e+02,-3.864552307559257116e+01,9.065657606837017113e+01,-1.283145008446255986e+02,1.317282807777584708e+02,8.922497157536254520e+01,2.717956851323368639e+01,-5.031569042742675180e+01,-1.411566155183957108e+02,7.070458941340706360e+01,2.748644934483887141e+02,1.458925359168581437e+01,-1.826045410731900915e+02,4.575164901267476125e+01,8.602629714011953865e+01,-9.178524318959371442e+01,-6.455119260893957289e+01,-7.473782287462920237e+01,-5.313638668636888696e+01
-1.721631142780460166e+01,-8.609011084935029601e+01,-1.235837741352224981e+02,1.743753856750171849e+01,-1.826620398637006915e+01,-4.362417701168166673e+01,8.318971672151429075e+00,-1.520175705558444292e+02,2.632029229967600514e+01,-4.156882002895627437e+01,2.394894681127795621e+01,3.996491054189676362e+01,1.131151278286177728e+02,1.029544169889114258e+01,1.066718830054326475e+02,-3.219131411300903522e+01,-2.741775133644233620e+01,-9.092817282367519738e+00,7.741249006782121000e+01,6.309590770229132062e+01
1.350718798617939420e+01,-1.227735341604521579e+02,6.130591757663258790e+01,-8.614046347829709305e+01,-9.158973937997198789e+01,-1.138485089937682773e+02,-8.316871080203542377e+00,1.211724298470687700e+02,-9.653605443802138097e+01,1.678575953174087942e+02,9.098102224535720950e+01,-1.464602063250624155e+02,-3.827751821783213160e+01,-1.040250266990805557e+02,6.649554577357163510e+01,-9.881633476704091379e+01,-1.621119477056179790e+02,-3.257257767370882817e+01,1.169394073696258260e+02,-1.925162238425533445e+01
3.984438633566818311e+01,4.372310975470408323e+01,-1.512275592741074774e+02,-8.993741271546539906e+01,6.464187197597223156e-01,-5.573549836553882386e+01,1.704454550394157764e+02,-1.228322395080890175e+02,-9.092601032328502697e+01,2.905442594797459321e+01,-6.278933377832892404e+01,-2.891832598950206261e+02,1.934681229413817221e+02,-1.074305386226487116e+02,5.608927226818057932e+01,-1.253391171224154732e+02,-8.630349070829900882e+01,-1.622933002681238008e+02,-7.411934002630799512e+01,-6.442818174485493898e+01
-1.325656773448969439e+01,-3.725688423764492541e+01,-1.441519826963828166e+02,-5.238998283439266856e+01,1.447010666774806964e+02,1.328390545411812695e+02,4.556870289146900888e+01,6.630992467401732426e+01,2.060822801135346083e+02,5.712476595884974273e+01,6.441898605375507714e+01,-1.564583026113542417e+02,-1.112630561238138682e+02,-3.269031700120313744e+00,-8.074422250742472329e+01,-9.979552870231718487e+01,-8.824590482322484775e+01,-1.423570642181127255e+02,-7.913844860820515237e+01,3.394355548108988074e+01
1.796323926484684819e+02,7.969821827136189540e+01,6.361554850394354332e+01,-1.623533384398405985e+02,1.192967050220171465e+01,-6.695990329713970013e+00,2.907410969511787613e+01,-3.606874694774592172e+01,1.662076741014668357e+02,5.277551629782262665e+00,1.502233549368724930e+01,-1.962440224846850469e+02,-1.066756819443211057e+01,1.149259350030635005e+02,5.555756081410354597e+01,-2.155590939743108265e+02,-4.496750731462242356e+01,1.731899467363003282e+02,-1.506407202815244517e+01,3.224159827111272847e+01
1.619009287287301504e+02,-1.546141415469060298e+01,7.910298599579031986e+01,4.113958771583611451e+01,6.251488635103922320e+01,3.792156568334700495e+01,-5.476298785147864123e+01,-4.477975514226696419e+01,-8.545761803683249980e+01,-1.639709118870289046e+02,1.244529910676642999e+02,1.008296688120985163e+00,1.194160182524457383e+02,1.565372674584649531e+02,5.341748090954408390e+00,-1.313489131690624845e+02,-1.961881458524661426e+01,-6.711436067631217384e+01,-1.980150459054987380e+02,-5.017289049288782365e+01
-7.153721206451300496e+00,-6.433243957646550371e+01,-7.715450869514870647e+01,-1.277535822132954735e+02,1.959221483542773612e+01,1.869269283216241035e+02,1.278623888051147617e+02,6.536268879869651016e+01,6.754091189310410925e+01,-1.326431442591249876e+01,-1.804513179287040430e+02,-3.694316894606993174e+01,-9.692776873321503217e+01,1.546967493453234255e+01,1.233214703938754724e+02,1.973409590248460290e+02,6.462103118053211581e+00,-1.667156337177355567e+02,6.267605016197820511e+00,8.985616291338219597e+00
6.788438705261987138e+01,-1.919555040083069430e+00,6.651827396067966802e+00,-6.320607578870588128e+01,-3.119019831088787953e+01,5.132324268151828051e+01,-2.008483716143500430e+02,-3.172885656638248975e+01,6.878999679959102309e+01,1.640728941005533557e+02,-3.983364441302368419e+01,1.185369780823787238e+02,1.690023845417943278e+02,-3.853824010626779994e+01,-5.582085328318196815e+01,-1.820744700919264858e+01,-8.195178506309543920e+00,1.090822667855519512e+02,-7.737251795095957618e+01,1.538065436105469246e+02
-8.007575527262180515e+01,-1.264424919617563461e+02,5.237772115586787436e+01,1.230560428869206220e+02,1.786554810129128867e+01,4.350843979662737127e+01,1.954297238025311572e+02,1.244652781535300790e+02,3.092541778249922935e+00,-4.311468831819374259e+01,1.095058866481385849e+02,8.292839134258868228e+01,4.185766826600828239e+01,-3.270136859934882523e+01,-7.638963626683335839e+00,-1.475195646180561226e+01,-3.103687835812949203e+01,-6.011481365959824075e+01,2.651986359483019484e+01,-6.463152957693442602e+01
1.773791709144677853e+01,-2.099873232219046884e+02,-5.998741686008156648e+01,1.098329200694047927e+02,-9.004292254644896332e+01,5.921019610431431346e+01,-8.172837500330770411e+01,7.757856567932201131e+01,-2.971089471985412089e+01,-3.366466043652857820e+01,5.435147854701663839e+00,-1.343426967121695554e+02,9.720908187564612035e+01,1.303433441515737456e+02,-3.600314969949575072e+01,5.242041709015465756e+01,7.789106802120574002e+01,-9.125755233162848867e+00,-1.108247152717865163e+02,1.594082131951844872e+02
-3.925217049287986981e+01,-6.091347692138098324e+01,1.638791931333925902e+02,6.100587675562034917e+01,2.574300760580133840e+01,-9.707606634025506764e+01,8.028040582132206282e+01,2.896518605519746075e+02,8.805076638785394039e+01,4.960884962925648267e+01,7.210927964860960060e+01,-3.281153331685424490e+01,-3.376507295931484975e+01,-3.504454842362165579e+01,-5.749499553868768942e+01,-3.524448657760176218e+01,-3.571071922489187500e+01,-2.446845088341313001e+01,-2.726780315800998267e+01,2.430118570097008401e+01
7.879301820784586852e+00,1.673624535117030376e+01,1.522297563344482683e+02,7.673423871651144701e+00,2.210890992800781305e+02,3.526895398226118772e+01,-4.472595908828374434e+01,1.349583239046999381e+02,-7.952726770819862345e+00,-2.393684151734128704e+02,-4.003141835183874342e-01,-2.491758379439577809e+01,1.606547386288334849e+02,-8.975666850003668173e+01,-3.326548180782722142e+01,1.267639376060458716e+02,3.944085327241801053e+01,-1.714568249731339122e+01,-7.564856664730339730e+01,3.517457268750307264e+01
-2.930114321826882140e+00,-7.678292652071974089e+01,-7.158465413278651113e+01,-8.144721144450819850e+01,-9.925556137638795917e+01,9.340337599723358153e+01,7.993933586204381925e+01,9.356744563857930075e+01,4.499548768524415099e-01,-2.426287878001564380e+01,-2.243821098913365120e+01,1.021101572906108146e+02,-1.820147821995828963e+02,-5.144861033574223796e+01,-8.873456275044173935e+01,1.359887546588408043e+02,-4.774575234471183194e+01,-1.635988835439774221e+02,2.234236422467895977e+01,-3.701141948939140747e+01
-5.569288076849618818e+01,-6.600319567258276265e+01,-6.994847791608069087e+01,7.085603148566448795e+01,2.237873665578432636e+01,-1.979657556305289745e+01,-1.098238876846336325e+02,-1.688933233879206952e+01,2.606278576000262248e+01,2.986544482594905148e+01,1.608843829917690371e+01,-9.225926668275282339e+01,-2.403176592592019176e+02,1.799618760051933464e+02,-1.309636874108531401e+02,-1.964957958666938396e+02,1.305156130040956697e+01,-1.708518503230720853e+02,-8.047987485748852521e+01,5.488504258088282484e+01
1.772687268474045936e+02,3.875118082723766832e+01,-4.391592708768802567e+01,-5.141955440684191636e+00,-1.808585957174902603e+02,-4.507521091651501166e+01,-4.497816039269443422e+01,1.533286621371801672e+01,1.942189612693770755e+02,-1.936795288732239158e+02,-4.076776115744867468e+01,-1.833509543991845874e+02,-5.033640932505080201e+01,-8.646021411179934546e+01,-1.494346307501400020e+02,9.130920305297792083e+01,2.556477038504295507e+01,7.958556296540457708e+01,-5.316538246674944190e+01,-7.071647578008273705e+00
1.594640641216314521e+02,-2.720195109112664156e-01,8.079565491594414084e+01,-6.174563027167290130e+01,7.160173433642601992e+01,-5.489193598053014966e+01,-1.896422376059672672e+02,-7.582887921041748802e-01,-4.703031426039620300e+01,-1.624781359397262293e+02,1.914928516731738739e+01,-8.935264849533213294e+01,3.092641278462681953e+02,-1.464442233413667509e+02,-1.212924942450139554e+02,8.695511066477908457e+01,-1.330218806400889697e+01,8.492023092622181935e+01,3.803910538979007327e+01,-5.823071279311820092e+01
-1.379092393079631904e+02,1.071083080728031973e+02,-1.288450185589299508e+02,5.589059611641611269e+01,9.189987572568485064e+01,-1.269178040299607524e+01,-3.041475356878030567e+01,-9.837261046610201731e+01,4.627427167043018130e+01,-3.045928831081611747e+02,7.157263390568104455e+01,1.194763409757140060e+01,-2.228156997196822786e+01,2.423022746638476477e+01,-1.373556391932128804e+02,-2.412992688075883052e+02,4.685750699539615027e+01,1.316546172184689567e+02,-1.739401971936736970e+02,-1.052480076996412919e+02
7.523248930274367297e+01,3.588897599468525357e+01,2.963108456306708263e+02,1.075657468825898349e+02,8.354244718930483771e+01,-7.637886999948825917e+01,5.248057963906823886e+01,1.495413662475370131e+02,-1.643907650729055092e+01,-1.172145737371320173e+01,1.413535266069327534e+01,-6.644986814722346935e+01,2.689635141233140914e+01,2.439721382756813739e+01,1.479986413180656655e+02,-1.893924425107032050e+01,6.747285460635063714e+01,-1.595652819920511867e+01,6.397594417822444512e+01,-2.500584557918976714e+01
5.734729869452063156e+01,7.282358290884481278e+01,-1.066656133057809086e+02,1.102375420670600903e+02,-1.664773869480215041e+01,-4.697966946261493604e+01,-7.100081116700216910e+01,2.982002780982409007e+01,-4.621688903522312430e-01,3.708071855416856977e+01,3.902207843184791614e+01,6.085846453501783060e+01,2.776284116153058221e+02,3.969175733185092092e+00,-7.345733865725732414e+01,-2.019813332338233920e+02,-1.195316798190586383e+02,1.235348650752910515e+02,7.199245067731071401e+01,-1.349986046514993632e+02
2.464212440999220632e+02,3.267644776615085078e+01,4.603167198803389937e+01,2.244225179936080963e+02,1.739455720828212861e+02,7.811374758321606748e+01,8.292139408262553957e+01,9.227850961708666944e+01,-2.409671317120162115e+01,2.867928975441974515e+01,5.743204940747126130e+01,-1.267825943784117371e+01,-9.654195097155529481e+01,-2.661304013086678921e+01,-9.879326079059207188e+01,6.437257087223061447e+00,-1.780457152006513013e+02,3.410385105075474854e+01,-1.631274495568164866e+02,-4.034730599930050232e+01
5.041010744808455968e+01,7.911467115125300609e+01,6.723592088835013669e+01,3.197339144738806738e+01,-1.119273315247491780e+02,9.806083548667577077e+01,-1.096401364505110934e+02,1.094575820454325168e+02,6.277047574817052578e+01,1.358901514739537788e+02,2.486848401629692784e+00,-8.187641072110208995e+01,-1.292652524159250049e+02,-1.181579334572926143e+02,-1.636774748607012953e+02,9.420029169365649580e+01,1.067416953032399647e+02,5.536999252568480756e+01,-3.304091207327872315e+00,2.060959436462512429e+02
-9.814848296400768390e+00,2.209168081438933839e+01,-4.785151332911924627e+00,-3.383080664634474743e+01,6.309744898310978556e+01,-6.334966892045229514e+01,-7.005778265146399519e+01,6.814693854093543735e+01,-4.976083665623391994e+01,1.334820280751793575e+01,-3.413281197635269137e+01,-1.155129822664807460e+00,-6.732891184666239326e+01,-6.405887527490934019e+01,-8.197321218102845819e+01,8.433301098614514046e+01,1.718848342513294014e+01,9.185508237936642217e+01,1.025386564543961754e+02,-4.599143271356734886e+01
8.815849843885635551e+01,-1.412072193343282045e+00,-1.586735054792519861e+01,1.252367096660775445e+02,5.537684628154318744e+01,-3.524242550637274007e+01,4.887933155266482288e+01,-1.265712652169589347e+02,2.473129811396167810e+01,-1.499591550858183666e+02,-9.843996258681831080e+01,5.846396982691190658e+01,-2.670245997426810050e+02,1.802511859074755307e+02,8.344927207046011119e+01,-1.838533122489738219e+02,2.398498606693229931e+02,2.674103892486017457e+02,-1.804916589897383616e+01,-9.264890647002434321e+01
1.686303574202864013e+02,-3.437901374402593291e+01,1.610395078128540192e+01,1.217289733922767567e+02,-1.535114637931966897e+01,-2.410542503166682593e+01,-1.272394977205218538e+02,-6.305430957380154666e+01,-2.607698462560681918e+01,-1.238563189034667147e+02,-1.147935818209377743e+02,3.360131664398963380e+00,-1.849704145671960305e+02,-8.791630156213317093e+01,1.944593993597022177e+02,-3.454686471400723491e+01,-4.707234082038511502e+01,-3.499458345148403282e+01,-3.341523814543324988e+01,5.748688698383836737e+01
5.048661531778007117e+01,-3.907584130645202691e+01,-2.138374231379423307e+01,1.312773117990059291e+02,-1.510304754470250259e+02,-5.758201654872128650e+00,1.352465403512317899e+01,-7.766828600991152598e+01,-1.151366034912974712e+01,-9.116764608018834792e+01,6.371690707015035571e+01,-1.338206655504379228e+02,1.062333662420059426e+02,-7.330515708955748444e+00,-4.480338594337108304e+01,-1.004697099654273700e+02,1.030657795987464738e+02,-6.518621340339592507e+01,-1.167248559494482976e+02,1.051463319008119015e+02
-9.043058134946585369e+01,-9.448231414448715171e+00,8.188037757372632086e+01,1.579576027809539340e+01,1.730851545869973620e+02,-8.349503682876776622e+01,-2.105113365997412700e+01,-1.331781402676820392e+01,6.212349525739951872e+01,1.288623127838093296e+02,7.361650962869719095e+00,-1.376638303602843116e+01,-1.482991867829865384e+02,1.123811897966949758e+01,-6.503000099964535252e+01,6.184363105987695519e+01,-4.096841892180281519e+01,-2.406380543700711527e+01,-1.460268014583569709e+02,-1.811452083762538621e+02
1.860987040183611327e+02,1.296839095652760143e+01,4.043354776306083664e+01,-9.122949631827528094e+01,8.755236071786129060e+01,6.951398959043606851e+01,-8.024271944228097198e+01,-1.059505435845387069e+02,-7.325276838272726820e+01,-2.828264870711182599e+00,1.671070031402254585e+01,3.839400823865098289e+00,1.298730108640203866e+02,-7.149568500960583606e+01,-1.086661991028919658e+02,9.902185182045265127e-03,-1.693084815830946468e+02,6.957374985106183374e+01,9.796326447612663912e+00,-3.380380409099461758e+01
-3.935528732491391679e+01,9.099957821212326792e+01,8.781479353385309139e+01,-2.463718584133532374e+01,5.917688235578787470e+01,8.633704618403382369e+01,3.355262256247124242e+01,-2.054650196287250097e+01,3.811677074906009466e+01,-1.039086642929374875e+02,7.110556929392560122e+00,-2.331262556262568708e+01,-3.898656237934681457e+01,-1.726521011863430317e+02,-1.027597751412429545e+02,-4.858948241253817457e+01,8.950391806387564486e+01,2.858234904039874635e+01,9.396742480279019105e+01,1.242913382400130189e+02
3.293091452494953586e+01,1.402934106802968195e+01,-9.729939966852103339e+01,1.986671264573309088e+02,-1.417844071710190690e+02,1.187340882084950344e+01,8.327990035453819928e+01,8.467375775313379904e+01,-1.155089090439323627e+02,-4.199030028675904447e+01,-7.989547721176634809e+01,-1.980434229566020861e+02,1.303267417449614207e+01,-7.176153962399767750e+01,1.505482284711345073e+02,6.151744381886719282e+01,4.140195021410666421e+00,-4.726995323708689511e+01,1.151160697856748527e+01,-2.558738159157802272e+01
6.953910889310847665e+00,1.901635770831968557e+02,-1.064756155347677691e+02,-1.686418686482735296e+01,7.063884003022239710e+01,-4.001408417858247191e+01,1.580541840608369455e+02,6.784591530118383673e+01,-7.188904151696235090e+01,2.040687022749822788e+01,-7.046087341878011046e+01,-7.966583143540945855e+01,-1.401979797095808955e+01,1.263761161901780810e+02,7.454450397847166698e+01,-2.257760649725610413e+00,7.811861948023926061e+01,2.686187104158284811e+01,-1.169893025625287777e+02,-1.451376191883103317e+01
-7.315959598146544174e+00,7.616903369259622991e+01,-5.664705006020967915e+01,-9.126645756607707938e+01,-4.554695678680690030e+00,-6.454245039945530493e+01,-3.235092195836363516e+01,-8.087957289112644332e+00,-3.830441637244552311e+01,9.631827428528163182e+01,1.414295106004421427e+02,8.629107429582141719e+01,-1.771197165154863455e+02,-6.419736623018343380e+01,-1.786521190321951735e+01,-1.846273259350076046e+02,-8.758917171492805664e+01,-1.914299692325502633e+01,-4.489740811290616307e+01,8.650177308918550745e-01
-1.380828361276954013e+02,-4.602823507168362482e+01,1.519097507265791691e+01,1.020147142487015657e+00,4.468935776478829069e+01,3.885743619975333729e+01,-4.071069687541645976e+01,1.201188830751221204e+01,-7.999930946950367172e+01,-2.702283190272878244e+01,-1.055617471949706072e+02,1.065424432276258244e+02,-2.734943005307321329e+01,1.063943446228063721e+02,3.114960686884454688e+01,-8.856622616562313510e+01,2.511065990015200100e+01,8.097182650878448840e+01,-7.758079160251424078e+00,7.402935234123916963e+00
-5.514573083550779842e+01,2.410322647734748358e+00,2.378981888021418101e+01,-5.788158141185103744e+01,-1.079295936679654346e+02,1.287970499583194623e+02,6.041205059847414560e+01,-5.476581053713841385e+01,2.196572571580551170e+01,-1.478578667672989297e+02,-1.977070973910356031e+02,1.084133087477800785e+02,2.295511402615409224e+01,-4.770246948461626779e+00,2.326572048129528980e+01,3.226131658919701408e+02,8.690952862453242744e+01,-1.045440266374806839e+02,-1.680376391920324863e+02,1.054535763359416194e+02
8.560958542300069496e+01,5.750607675504409855e+01,-8.128790308993929159e+01,3.632853898839752560e+01,-7.233451687434653365e+01,6.627818860209612239e+01,9.826569072723414422e+01,-5.434727588295351808e+01,1.131810161215423705e+02,1.148523995627098060e+01,4.918732124419854301e+01,-1.309633363690804231e+02,2.322145059548996926e+01,-6.755843874146680150e+01,4.746334540141737079e+01,1.467162669651262377e+02,2.895202093163524282e+01,-9.008549064331836576e+01,6.264660917775864135e+01,4.017887457877164081e+01
2.058601746400308912e+02,2.539679609009434813e+01,-5.854749912240685461e+01,7.706412256463777055e+01,-1.276780723055935240e+01,8.025098971177376583e+00,-9.284760303755521704e+01,-1.224348128034134575e+01,3.080469749043601713e+00,-1.283486757368778086e+01,-5.908873624308213124e+01,2.882291303452952747e+01,-9.234724168418337342e+01,-1.158994600523994905e+02,7.095361707264406448e+01,6.177501780872842829e+01,-1.307604480680352310e+02,-1.829555046432462575e+02,-1.008742045396568585e+02,-1.282989944731978760e+01
1.154349574765505935e+02,-1.527445678125200423e+01,-7.693610487280314203e+01,1.485862290830605481e+01,-1.140161152495804586e+01,-1.381007307452997566e+02,-1.375062884918711177e+02,-1.348197502115293389e+02,2.479851534907936639e+02,8.599814402736132024e+01,-5.937160585353623787e+01,1.108266822828931595e+02,-5.680562876614649781e+01,1.075180396973729415e+02,8.030645706945431783e+00,-6.588512497972971005e+01,6.798203458289698631e+01,1.375195727236848953e+01,3.982677721793258030e+01,2.155070231841088813e+01
2.050147728709279704e+01,8.005538880867446494e+01,2.583806848817667969e+02,1.248791900549558278e+02,2.196451602830453709e+01,-3.106069148995733187e+01,-2.007349180019918933e+01,-1.256129294610449705e+02,6.645435425532163265e+01,-1.014922691658342444e+02,-3.724543120492631942e+01,6.703487029019994736e+01,-2.373253037965260148e+01,-4.922879905292529656e+01,-1.197480686105643315e+02,1.205326732304811372e+02,-8.332218654528790580e+01,-5.858758269479491787e+01,-1.791729419833861243e+02,-1.986104780790023172e+00
-3.332948863615592217e+01,1.818579169684130648e+01,-1.174631676957573490e+02,7.341807935351354786e+01,-1.839210552846116116e+02,-9.217749998240579501e+00,1.154882831395836540e+01,5.777400670608505706e+00,1.577548711602675624e+01,7.886716842608663569e+01,1.324698704973050667e+02,-1.556079283129406754e+01,-9.678426351396137761e+01,5.607172822927566358e+01,-2.802393847441910779e+01,1.264619711622179636e+02,-6.019666143721257612e+01,-8.580108886327808193e+01,1.437937509526768487e+01,-1.740417791236992571e+02
-4.674287137582832230e+01,-3.298405766083482860e+01,2.204723207726822665e+01,-9.962720962701990857e+01,-8.795004722679514941e+01,1.156913690696399755e+02,-1.346145458565203956e+00,8.646371839029606576e+01,-5.417874013834628499e+01,-5.445096242087540617e+00,2.145344270292134681e+01,1.747554907623263318e+02,-2.176181801714812636e+01,-1.662688937203783723e+01,1.098153027736737926e+02,-3.798114384850873648e+01,2.846291916727535209e+01,1.010959206419031204e+02,-5.758418716989405084e+01,3.404624464836563646e+01
1.745550710145012943e+02,9.213180488381532030e+01,2.849330696848116418e+01,-2.243213118326332989e+01,-6.043182812748379007e+01,-9.881859232358068823e+01,1.509623959965677784e+02,1.315471045369999956e+02,-6.571144775405774396e+01,3.376869980781387426e+01,1.113264985063108981e+01,1.184415461324073533e+02,3.828011983013504249e+01,-2.281876073034821761e+00,-5.416856022956805106e+01,3.408678451258270314e+01,-3.481825709626203746e+01,2.206849451298413101e+01,-7.597107945831398368e+00,-3.724918798701469314e+01
-9.727407736318191667e+01,5.141952527473012680e+01,4.257034137903290549e+00,1.787420855466427838e+02,-1.032344838377608767e+02,6.252981922329909992e+01,-8.264646802664085357e+00,2.099758398326557938e+02,5.489719170614669963e+01,3.246885816350844323e+01,-8.010243497381976496e+00,-7.031210546656193117e+01,3.113927926409304092e+01,-1.382302609136761760e+02,-1.336284088584971244e+02,1.012438436829495600e+02,-1.762124139044065032e+02,-3.195735582908372763e+01,-1.049126491258958680e+02,-4.024706923896631139e+01
1.845453023393461223e+01,9.845552909641726558e+01,1.217633589732721049e+02,-9.189532191588220655e+01,-4.659619366267644835e+01,4.052550122211956136e+02,-2.500146859353622020e+01,-8.822107959959048173e+01,-7.158007627414387741e+01,-2.441399163093304381e+01,-3.927373627884593077e+01,-2.343701231948696773e+01,-2.142655372656402157e+00,-2.840786229316436540e+00,-9.554864972711939686e+01,3.693310211561309586e+01,1.210469498806840960e+01,4.965816705499263861e+01,-1.714454053725156939e+02,1.568442436914781446e+01
-1.985596315902016329e+02,-1.755708944765803992e+01,6.579362927530758043e+01,1.045779151602365289e+02,3.344600640970048744e+01,6.753907352929887509e+01,-2.990049620824594001e+01,-5.091677699249622435e+01,2.692758162523726355e+02,8.271603118652107867e+01,-1.172983851465393172e+02,-1.734663921532990400e+02,-4.650694490635756040e+01,1.191868506308665303e+02,4.873915402876781044e+00,-2.224019822361285605e+02,-1.772934231899077773e+01,-2.401550248551588274e-01,-2.415667379465480451e+02,2.416615205019016610e+00
-1.013368007591324016e+02,-1.835546410788315370e+02,1.604507580165401350e+02,-1.057602200784927930e+02,-6.672847354562811972e+01,-6.805828860666781566e+01,2.238750924302561063e-01,1.766310607055873731e+02,-1.196186870235931679e+02,-3.068035144485949317e+01,1.208618790263982135e+01,-8.687917471595056895e+01,-3.228864045786065162e+01,5.944998067495574645e+01,-7.557049867064927184e+01,-3.386425087301794434e+01,-4.313539269192857972e+01,-1.038066811343372287e+01,2.431517146232421567e+01,5.865607681068786405e+01
1.937554301962337888e+02,-2.658476431854211910e+02,-1.673913392054416960e+01,-1.364436072242192779e+02,-3.853700006509043874e+01,8.808673306940777081e+01,1.197792522142378147e+02,1.244714576818408460e+02,1.235292514850423657e+02,-1.739350716204281611e+01,1.398530274707163414e+02,1.596849794605842305e+02,1.388004545415102342e+01,1.177236601567563525e+02,4.123701851657827433e+00,1.410232515550878816e+02,-1.616632373635578190e+01,-6.095204816931843084e+01,-1.119991430271616508e+02,-1.736290332376506029e+01
8.438819432830246825e+00,-9.458526613759538293e+01,-2.501084589956589355e+01,-5.265493094207661784e+01,-1.076975546330508848e+02,1.035884661553583470e+02,1.211903603105784413e+02,1.031432678292309078e+02,-8.415579062149813439e+00,-2.238280539187200269e+00,-1.063173355739350114e+02,4.146328952413382041e+01,1.696317061856207786e+01,2.843947396525680347e+02,1.087102362015742898e+02,3.152449265708544601e+01,-4.160931099332437988e+00,1.001306537077225443e+02,-9.157386703805218531e+01,1.139637812014031368e+02
-1.087143500237299065e+02,-5.615238572147315210e+01,-1.838179499404459420e+02,6.140762230490918228e+01,2.499290262631895132e+01,-5.614830247660241014e+01,-9.291387909758185515e+01,1.378722226700067495e+02,-1.336039376031704151e+01,-7.672953745205758480e+01,1.921932963618024814e+02,-6.570629191417124559e+01,1.138617071453785741e+02,-1.150990564010573536e+02,-3.549462302069728281e+01,5.022912253823865569e+01,-5.783694960402525176e+00,2.437630215130527489e+01,-5.388348460240046478e+01,-1.597796151899594292e+02
1.465576384364710520e+02,-4.778283773740691487e+01,2.890124555323387767e+01,7.019574916323259117e+01,3.087582043113931007e+01,-7.085912669382153695e+01,1.159764961951771767e+02,5.136791750248688970e+01,1.987736503452284964e+01,1.755848035858894463e+01,1.682262344257057123e+02,-7.300622192531491805e+01,4.152558283677466733e+01,-5.286294916001774880e+01,-1.936305806340003244e+02,-1.962734524862880789e+02,-1.014636374976713284e+02,-6.584431660122955066e+01,2.172949749360864189e+02,6.983884343060890387e+01
7.883430208594202782e+01,-6.370785062503562557e+01,6.132716951944814809e+00,2.306152984746214827e+02,-1.214417673777564772e+02,4.562387973673141062e+01,1.611295766910263012e+02,9.659430854722398863e+01,1.801539613925233425e+02,2.128652565271286079e+01,6.034530251870976514e+01,1.097743867903728798e+01,5.333455591395808426e+01,-9.152064123034229226e+01,7.923484089436820454e+01,2.942483127670563903e+01,6.265936625454730624e+00,1.746391637815854097e+02,-2.653853991047744287e+01,1.207822034620432419e+02
1.307278597099756041e+02,8.555443845854632912e+01,-9.650996707365793270e+01,3.590782973431551284e+01,1.958474301131499828e+02,-1.818553534686703586e+02,-1.876584942962010416e+01,1.162308519668199693e+02,-1.153205997876379563e+01,8.098878169738728161e+01,1.409191028599123001e+02,2.320062831488025878e+01,5.089905208555405380e+01,9.187093358020085532e+00,2.978058819703167615e+01,2.102602434896270722e+02,-6.394849268064760395e+00,-3.531540379455807255e+01,1.041754229019762050e+02,-8.429223322417928443e+01
-6.147214572652406162e+01,-6.083452939526223702e+01,-2.558745224580401967e+01,-2.121994648700583497e+01,6.990995896655073238e+01,-3.423616352586770972e+01,7.394634692351868921e+01,8.641807048417827275e+01,-6.535111993330404800e+01,8.427060186984509471e+01,9.334184829582881093e+01,-1.760936436630858282e+02,2.934809528739668494e+01,-5.064081083009133977e+01,1.303064980332442531e+02,-5.166061852735627014e+01,-1.339483155310669815e+02,-2.981681666882772141e+00,-8.969723040991179630e+01,8.495852645378883494e+01
-8.086124988817873316e+01,-1.750644918827710672e+00,1.545810427164164196e+02,1.098528622214136448e+02,4.778392032889490793e+01,-1.275777125522746758e+01,3.828964562110883918e+01,6.889839527250539675e+01,-9.866023632154886513e+01,8.513372439238395373e+01,-1.101694052557080568e+02,5.724519350122763228e+01,-1.106890404549641005e+02,1.962796243370614206e+02,7.633416249370387163e+01,-1.556025278785954242e+02,-9.266262301528975509e-02,-5.214220440846357718e+01,-6.397269297813641487e+01,1.471035264684182309e+01
-9.279937496684983955e+01,7.614657649844360776e+01,7.046540869993420131e+01,3.514247749419853761e+01,-1.950452854086473398e+00,6.598182859449821080e+01,7.913855060779842177e+01,4.549177367416811535e+01,-1.311874023180237714e+02,-7.883861138690066639e+01,-2.680609214921124206e+01,-1.475790897849697387e+02,2.240031333315300799e+01,1.411005207323617014e+02,1.251690366759592479e+02,7.396261440048749591e+01,7.277119338715549191e+01,2.215295530963381054e+02,8.438638321783621166e+01,9.256356867883468453e+01
-1.438914694336154696e+02,1.332818794356267915e+02,3.984973503055623922e+01,-7.978434543267752588e+00,-3.276381240682388096e+01,-5.485954366692449469e+01,1.256776878360895751e+02,-2.835892925737400372e+00,-5.116785588702479259e+01,-7.715468047301146726e+01,1.705987944628568087e+01,-3.596097042177828484e+01,-5.877555524996550673e+01,-1.382155969275470397e+02,9.593573595044973956e+01,-1.380232754497662562e+01,-1.085238657024020483e+02,-2.712361413328833137e+01,5.491320559656173117e+01,2.884087160331183508e+00
1.909937477706096587e+01,4.254825799030940381e+00,-1.276855776441081076e+02,9.485085432635307257e+01,-1.708246160381932555e+02,4.615365746114421341e+01,6.155709214954448782e+01,-2.198437037791825688e+01,3.534225238055569207e+01,-2.771354692402206865e+01,3.654952030911148597e+01,9.929225435189046323e+01,-7.921264263853363730e+01,6.739648589523029898e+01,1.692398002388111422e+02,2.645652625343605635e+01,-5.031042244214120984e+01,2.263232839085535488e+02,8.870623904475719357e+00,2.315299038028770084e+01
2.523742095336068303e+01,4.478633275992812202e+01,-3.388749454489854429e+01,1.899908607041710695e+01,9.521837434367699871e+01,-3.734010212347558166e+01,-4.199939771266955546e+01,-2.920844754686516964e+01,-1.097772817984182581e+02,-6.828394618515677905e+01,-7.235799236400954726e+01,-5.225236680281122870e-02,8.361456557057672967e+01,1.453714096879471924e+02,5.718861719186463688e+00,4.564697514287077951e+01,2.433938059076953309e+01,-2.093438955206658534e+02,-1.147890911860274059e+02,7.612642911647395749e+01
8.584851719195792441e+01,8.356080251199703923e+01,-1.778119844633888036e+01,-1.994834460600974353e+02,-1.028524985679172090e+02,-8.755078456471616732e+01,6.287685790907118388e+01,-3.573710964165959325e+01,1.690400508130418018e+02,1.467638337860757929e+02,1.673698446220863048e+02,-9.165129936432219893e+01,4.908912121415713870e+01,-4.775240889378696352e+01,3.278718182332904263e+01,-8.056137427439600174e+01,1.226156367551455446e+02,-7.869315502038857346e+01,-1.947239024671097525e+02,2.033780815743161554e+02
4.424966795679303289e+01,-1.069126764418127919e+02,-1.622711150691371174e+01,-5.768570947168845464e+01,5.741446804439765961e-01,8.027808359148210116e+01,6.457790929036303851e+01,2.537290205085137984e+01,5.253113309508843365e-01,1.078670757528010569e+02,-1.925458218336893594e+02,-7.489326932604379294e+01,-9.786628332561676302e+01,1.006257773002891440e+02,-7.390926156784712475e+01,-1.285955392290448174e+02,5.493275461169327656e+01,-9.087475809097253432e+01,-3.507264825083575488e+01,2.381143900881697846e+02
7.871385540034732742e+01,-2.110406074146746391e+01,-1.211281259441833669e+01,9.074875862214720712e+01,6.628704301046306568e+01,7.559948945093708517e+00,1.035599422394243874e+01,-1.479848480437972000e+02,-1.690010550068936652e+02,-1.768222757735045292e+01,-6.332851853461443881e+01,5.860790343403635916e+01,1.971797438056260177e+01,-7.727743934943796944e+01,1.631984594963575574e+01,-4.182327855549229412e+01,2.066601378014029251e+02,3.862422989629571646e+01,-1.560606987032928714e+02,1.820515100219581655e+02
-6.331490039572499029e+01,-9.747369907801692079e+01,2.143686652543520665e+02,3.458366577955636956e+01,7.007660072054852662e+01,7.330601158721506749e+01,-2.059897162378034707e+01,-5.724052701863200099e+01,-4.092574549377401638e+01,1.608866279244033706e+02,2.037875532068085249e+01,1.312915039716136505e+02,-7.644512722849837516e+00,-7.553835773437444345e+01,-1.442216473868054436e+02,6.480031851540398691e+01,1.694098078411973631e+02,-8.859730082465007683e+01,5.133725686380202546e+01,-1.375615715680750668e+02
-5.556966770618912221e+01,2.679367853745473482e+01,-1.728294085670402183e+02,-1.802325272938248846e+00,-8.367004734171456448e+01,6.047592257382738978e+01,-1.654006421535297733e+01,9.394390194675831651e+01,-2.795982867448149634e+01,-1.362379519829509320e+02,-1.486960081036265251e+02,-1.909009503557969367e+02,6.329578326099891683e+01,2.557730919268994114e+02,4.352381371851314640e+01,1.672046882004340773e+02,1.133573290789019978e+02,-5.183360098740858746e+01,1.265315980990625633e+02,-4.785746915125150025e+01
-4.587078695383590343e+01,-2.085923259363101678e+01,-1.611980223271301682e+01,6.613694631861476125e+01,-6.708867358908054257e+01,8.891027785829770380e+01,8.747440830314707227e+01,3.429635324444848266e+01,1.939611908607444946e+02,1.287392648658308474e+02,1.069729290200464646e+02,6.615337454325148414e+00,3.517661378143257878e+01,5.238073630877537568e+01,1.324137352760526909e+00,-3.755694603084709371e+01,-2.405712742876311836e+02,7.177654091248231794e+01,1.041447216883354372e+02,-1.161118856156836188e+02
6.051686497204915582e+01,-5.915266783175240306e+01,-3.665291824070732218e+01,1.310760527363353845e+02,-9.906343902140137914e+01,-9.921477886932201784e+01,1.804834365643997955e+02,-1.455566985363835286e+01,1.246545593231067670e+02,-1.598702861828934374e+02,-1.518603269590853131e+02,-9.129445155784210897e+01,-4.814607765326888966e+01,-1.403286596653111928e+02,3.692964764299996006e+01,4.345941686567820739e+01,-8.981428778385375722e+01,-8.185986993908018405e+01,-6.867814338515614736e+01,-1.164885798893041482e+02
-2.895557699977917423e+02,-8.504030614486552508e+00,-4.304376927009766973e+01,-3.281458448265735228e+01,-1.011803521008771867e+02,8.104974991502670889e+01,2.425391589417081093e+02,-8.340848560211556162e+01,1.399696138972348081e+02,3.666498121472938010e+01,3.541989178243383662e+00,-3.441227365628309087e+01,-8.321687023399217509e+00,1.149590689698626278e+02,-1.138080960956512371e+02,-2.750067311514513690e+01,1.249000207822502944e+02,9.837146935279972126e+01,-1.122585938950243474e+02,-1.825918777810452553e+01
7.280078478340273307e+01,6.634281193210969718e+01,9.751345212432877929e+01,3.842858881672977844e+01,5.519531479957841924e+01,3.427964219271588320e+01,1.579733077527890543e+02,-4.218111794312181217e+01,4.819116294521716526e+00,-1.014968832317709229e+02,-1.212021766804412408e+02,3.249567010583808724e+01,-7.241862659418522696e+01,-5.768560289735612301e+00,1.617749310524209250e+02,1.559937702372820638e+02,2.224044778688299857e+02,1.637652508399121132e+02,2.403018191785490103e+02,4.365296678125611152e+01
-9.030205826445836692e+01,-1.000392569485480436e+02,1.396330607441519476e+02,5.162650281041988976e+00,1.261315158460156738e+01,-5.490710879538133327e+01,-4.291739396492826586e+01,3.837592897769254563e+01,-1.055223490124036658e+02,2.571384658080955887e+01,1.511080195135129429e+02,-2.133635841658820880e+02,-1.541311878077113420e+02,6.756099615030581163e+01,1.363967873660863006e+02,-4.898927301396818024e+01,-1.998240615044538515e+02,1.431924173940751928e+02,-8.110651519145244492e+01,-3.612463429276125026e+01
3.190448723197765801e+01,-6.664333719107573017e+01,-8.761297271571950773e+01,-8.578001925640890590e+01,1.857928560927683179e+02,1.159613588425281137e+02,5.745173406171818442e+01,-2.186433225734566577e+02,5.781918950555867553e+01,5.242002084094691128e+01,-1.278133140185165928e+02,2.587101334738328262e+01,1.051492496258688902e+02,5.693659185937733724e+01,-6.801694017002259329e+01,1.326464308397327097e+00,7.303569312011988757e+01,5.945203421764926333e+00,1.254284889106895235e+02,3.956815568401086836e+01
7.529226652878310233e+01,8.214006469917600839e+01,-1.066682703305862958e+02,4.998603535667908382e+00,-3.323544735189647525e+01,1.043845994807078625e+02,4.632330467040245736e+01,-1.882124621055902836e+01,-1.281851403442663013e+02,-1.596908332120541161e+02,3.103426199449535616e+01,-7.172126772334600275e+01,6.661264680972328733e+01,-1.643140265076226285e+02,1.592951198208890560e+02,6.638640899316746413e+01,9.918508997772750746e+00,1.683058936402731831e+02,9.484179342211362496e+01,-4.750032386170438770e+01
7.757630977832912222e+00,-1.964274299814745461e+02,1.064190310548850817e+02,-2.959516779917218798e+01,-1.977224845238982027e+02,-1.181838569408991475e+02,8.709120484494098946e+01,1.613802715036153188e+02,2.042551891808693121e+00,-9.820513419928936116e+01,-1.420749689679101948e+02,1.414614618141108053e+02,4.494677784472273174e+01,-3.301396206447462589e+01,-5.682717860755411010e+01,6.718296377336285730e+01,6.443184940713602771e+01,-8.965844134559455370e+01,-1.142372490900942239e+02,-1.091902695713494467e+02
-4.682245804743565998e+01,-6.897854535827563893e+01,1.618092018169565733e+02,-5.037806222594390704e+01,-1.249666447949729928e+02,-1.193497440899527362e+02,-1.839716010415953917e+01,-1.822124122978840433e+02,-6.012071386239649762e+00,-1.336209500481564305e+02,1.158610366741701085e+02,1.165623492419449647e+01,2.121023601532443479e+02,-2.282005795022106298e+01,-3.131743833970253945e+02,1.457681200356203988e+02,5.019231584770682275e+01,6.569078789606733437e+01,-1.002583589744049135e+02,-4.284805559538901854e+00
1.864608751356595207e+01,-2.378206176060982102e+01,-1.734362825253473943e+02,2.768692048259053990e+02,8.358292378282251889e+01,4.205840470203958148e+01,1.313885621013979232e+02,6.441922110388412648e+01,-6.772028800797006909e+01,1.249782757817690566e+02,8.522160065780151683e+01,-6.392858173140586331e+01,7.900146682850447633e+01,-2.405700321760811633e+01,2.084781997986129909e+01,5.996504669132261256e+01,1.368497701304959833e+02,-6.459959851270541265e+01,3.649621806522634415e+01,2.015726226231195994e+02
-1.760474960269516487e+01,1.965567776995822058e+01,2.014230474477988082e+02,6.374774719491045261e+01,-1.473980279161115732e+02,-7.954776521543648471e+01,6.895792143654428230e+01,4.230049078904750104e+01,1.625798667388194474e+01,2.161224183166464456e+02,-6.174871561583947965e+01,-7.441382343203614802e+00,-1.963110209438235643e+02,1.160659888800972084e+02,-7.988523010625799259e+01,1.057136768800929048e+02,9.520301314373013213e+01,2.349099258787778695e+02,6.492755765312118399e+01,-3.560866243201088110e+01
4.536229599970919679e+01,-7.592528478285875337e+01,3.191601775089092285e+01,-2.009025055423724737e+01,-7.033844967187145691e+00,-8.983664879275636395e+01,3.004460597627764429e+01,8.242300256860687568e+01,-1.652096794671727196e+02,-6.885926532651373577e+01,1.680471691802703660e+01,-2.347316641213413959e+02,1.740264433712918617e+02,-7.111108145530550928e+01,-9.380875187584281605e+01,-2.073422762567884803e+01,1.373728387982237109e+01,-7.564728979523374619e+01,9.804136659889269367e+01,3.997065394412231853e+01
-8.372418936053557559e+01,-5.224051169223714908e+01,-1.516769696390319098e+02,-1.253340895534835937e+02,3.875983282123616647e+01,-8.268645560698288932e+01,1.804284453049092463e+02,7.092320030914248008e+00,-1.352823425103995305e+02,-1.143347286067562578e+02,1.052969694681428052e+02,-7.651360260907436484e+00,9.919948265576358892e+01,-3.664879800780656893e+01,-5.602320925035102306e+01,1.119447371034385554e+02,-8.585773770285926787e+01,4.890541333703616544e+01,-2.117836104013678522e+01,8.787234133757746690e+01
1.818483987535799997e+02,-3.921776832010091596e+01,-5.471421387964561234e+01,6.658083890373558233e+01,-1.082003595203068187e+02,1.616465457850035250e+02,1.446022550056473506e+02,-9.991196391604304949e+01,-1.583124819406906170e+02,-1.160577152856217822e+02,-1.145369639959117762e+02,8.017605643549765659e+01,1.549170315779403211e+02,7.901262126188237289e+01,-2.361922166164575998e+01,3.424984669104140522e+01,-8.697780328050353660e+01,1.097208045564232322e+02,4.320289399825325916e+01,7.731977820164630089e+01
-7.275357018597755143e+01,-1.685971868686464958e+01,7.250731399812030986e+01,1.443512899523614692e+02,-6.080997594485846491e+01,7.804519071708193678e+01,-7.120717966102839114e+01,2.117193772826608722e+02,-4.148247082725292501e+01,6.435051740521114993e+01,1.656096152336325389e+01,2.605303121360493606e+02,2.299016080245638705e+01,-5.150560229901284259e+01,6.395065126130629096e+01,6.172408667753729361e+01,-1.574698637589419725e+01,-1.094765864228108398e+02,-5.279988613903565664e+01,8.814989481449192965e+01
-1.747448946233962772e+02,-2.480458993857130778e+01,9.948639218167832610e+01,-9.349621900004768449e+00,2.173710139552742930e+02,-1.744650240298652477e+02,-9.613678689194338745e+01,-2.314633802252787973e+02,1.993690566745299293e+02,-9.449871507516304803e+01,-1.986921311728332853e+02,-6.119193144254345640e+01,-1.392809108188469907e+02,-6.047848903054027403e+01,4.122925094490375031e+00,8.049211040471006129e+01,-1.746689401109378181e+01,2.529069933467607001e+00,-5.815952230701305581e+01,-1.511698227249659112e+02
-1.846540242965901371e+02,-3.644857803363612447e+01,8.463977854321374394e+00,-4.386145212262508863e+01,-1.809326992861342092e+02,2.014000932681718226e+01,1.629304882904313843e+02,-1.146465135111477984e+01,-5.795305775760826350e+01,-6.049404024351915155e+00,-1.104379844563118809e+02,-1.168899129296148658e+02,4.514140880946364831e+01,9.903215290323323927e+01,-1.470983521944201655e+01,-1.973765047615766832e+02,3.533489265357506781e+01,2.067382170337448315e+02,-2.438981634482850680e+01,-1.778457754034231186e+01
-8.726335301139383205e+01,4.813539978934098684e+01,-6.709834644946126048e+01,1.021501897668594268e+02,-6.575805464851556792e+01,3.417914681189638060e+01,-4.634424605956015242e+00,1.555111619309300863e+02,4.094793861980484451e+01,1.387007319124921025e+02,1.086235007771666439e+01,-1.707403005142816710e+01,-3.819076953522500872e+00,-7.714092013771923462e+01,5.316687837038720232e+01,-6.903583408034867830e+01,1.124630415178495291e+01,8.552019664639119867e+01,1.583548909776938558e+02,1.628600838649900950e+01
8.612070560660323792e+01,7.418877503808141682e+01,-3.823770908209757380e+01,2.107803454424177403e+02,-5.762422028789433170e+01,9.099462614956541628e+00,1.454119753398427690e+02,1.429458242798823449e+02,1.432039803566150349e+00,9.904167478406279201e+01,-2.239723364435554487e+01,-4.886788902990581107e+01,-1.212789073118439802e+02,7.238813654792804186e+01,8.292209312684562406e+01,-5.678892955556619171e+01,2.681000339852348446e+01,2.650988427871934050e+02,1.146682300117364264e+02,-9.014839425788613880e+01
1.001562279763387835e+02,-8.968617812506808207e+01,-2.895218311854684998e+02,-2.041214326612865282e+00,1.563201459592985145e+02,1.397447960436941514e+02,3.772351690926547008e+01,-5.417294132498943071e+01,4.864496839126465488e+01,-2.691601703109106225e+01,-5.136556919693108370e+01,1.062002202305571075e+02,-5.260357797105930189e+01,1.127236556476076004e+02,-5.921859619638129146e+01,2.058491954822889340e+02,-1.640634440285119240e+02,-9.567693317045679180e+01,-1.553677341903227394e+01,-1.984043903188062927e+02
-2.570986142755165815e+02,-1.975407616910608510e+02,-2.920892103110081095e+01,-2.667100098841130418e+01,3.329994812328656906e+01,-1.970014817763424020e+01,2.995164645108491186e+01,-4.502164144384022393e+01,7.148157574716810814e+01,5.943100031735220057e+01,-3.266926198575191620e+01,5.330114346723904362e+01,-1.906459359486694183e+01,-1.522325915393105333e+02,9.044966413826213625e+01,-9.068160465984293239e+01,8.938239551417672146e+01,3.240267721170234694e+01,-8.452230901712274758e+00,-1.876993395451086144e+02
1.539745557414443908e+02,-3.631138613540883853e+01,6.345635871555829510e+01,-1.139741233707811219e+01,-2.714353355623879693e+01,1.928078383969893750e+01,2.657228344184689117e+00,-2.669927901757873556e+01,-5.531455861215255787e+00,4.270646562717100636e+01,4.978191767582945459e+01,4.335721274392945190e+00,6.209369898144390021e+01,-4.240698044430865110e+01,2.224886380996455273e+02,1.485588608007780635e+02,7.624429948316112871e+01,-1.941580493837050483e+02,6.060191388549820601e+01,-3.366370828620544842e+01
-9.786807314093528021e+01,-3.620960503048197410e+01,-8.678347339294198548e+01,5.068030937595058560e+01,1.615994062563227658e+02,8.260287917067819308e+01,2.762525240789585723e+02,-1.553612429575404690e+02,-5.060347044691066998e+01,-9.430251923423104188e+01,1.229368314359858374e+02,-2.205503569785380691e+01,1.895161964772538710e+01,6.336855319730592129e+01,-1.454788850536741904e+02,-6.213489632049967781e+01,9.972659536979143979e+01,-5.480879005079195565e+01,-1.713642969068692139e+02,-9.022628876842483692e+01
-2.862680536052658553e+01,1.667605198894283447e+01,-7.081330995051943411e+00,-6.142178419429742320e+01,9.393134388484693886e+01,-1.290609365619087079e+01,2.094013619979236296e+01,-5.609559773884319611e+01,1.508940264240212343e+02,-3.916311052068607523e+01,7.469286659326061617e+00,1.034999442126880211e+02,2.800422610599595430e+01,2.550896964374816278e+01,-1.973655509396613468e+02,6.806350016938847602e+01,5.558694021349019465e+00,5.415651031725502662e+01,1.832130483688363753e+01,-5.591575571228722197e+01
8.943071665495943989e+01,1.981266112799157497e+01,-1.289386491042909881e+02,1.308517156346162267e+02,-1.430479564387471783e+02,9.009292342505423790e+01,1.486931771930207162e+02,-1.106295435963262861e+02,-1.227617867378882011e+01,-2.159482461341767490e+01,-1.709711551808885943e+01,1.830238355233063317e+02,-1.094718872917118944e+02,-3.065670448789982316e+01,1.503322498821751196e+02,-3.229488283391482639e+01,-9.357797158664962467e+01,2.630146817697480799e+01,8.056405417070153874e+01,-3.928409701482972594e+01
5.543683908075449551e+01,-1.376615094074563501e+02,-1.321027083418594543e+02,-4.400862802526273754e+01,5.900174199917279338e+01,7.614979809850859738e+01,-1.182016047458063213e+02,7.244207047325794235e+01,1.665070404347801869e+01,-8.792046944513180051e+01,-1.334188352022998458e+02,2.298231549043254418e+01,1.289563224165445945e+02,3.552243077795705251e+00,-9.349208494062362718e+01,-1.868022287079426178e+02,1.529490846888608928e+02,1.041850610319762183e+02,3.020768487716014761e+01,1.477993967265460640e+02
2.239190997535944661e+01,-5.310369506176834165e+01,5.551322450502098604e+01,-8.297256762677915276e+01,-9.956478178531807544e+01,7.716071096072684554e+01,8.557587675640822056e+01,-1.273738280487409327e+02,-1.236797682441856239e+02,-4.450496936330115716e+01,-7.113048331796628077e+01,4.764887631653687805e+01,4.804983776558977127e+00,1.164906257636605318e+02,3.172577252339833365e+01,-6.445768296716777002e+01,-1.891128861886445804e+02,1.794559842771770874e+01,-1.710328110236277155e+02,-6.569552369208361142e+01
-7.217267780966754742e+01,-5.084271148834314147e+01,-1.316034259926857715e+02,-7.252766081099495921e+01,1.145904578451799978e+02,1.143148487574932943e+02,1.532499775465971084e+02,1.014652574377430616e+00,2.712191288982463533e+01,1.160611417693658183e+02,-1.470660956937117305e+02,8.056285067037012482e+01,1.302344723395655421e+02,-8.889603260376239291e+01,1.382639145603659472e+02,2.057716080301583190e+02,7.778466705108286305e+01,5.945043686601234612e+01,-1.119776049129258553e+02,1.069203929040924379e+02
-1.025590652637113038e+02,3.697408026403634551e+01,4.710951073310246073e+01,-3.296253011982529983e+02,4.058033835357510100e+01,2.621474786478487999e+02,-2.091856422270471398e+02,-5.389199401313474524e+00,-1.947115376734619190e+02,-8.941414388051771311e+01,-1.929776854820303811e+02,1.595423269972175717e+01,7.936048032595944335e+01,4.097386327690919217e+01,-9.301824694575721253e+01,-6.093947565959275892e+01,2.722726860856391440e+01,-8.989239901389206011e+01,-1.328795108515641630e+02,-2.391270601019611064e+01
-9.447082092724076574e+01,4.115579172536426711e+01,1.298697400316917481e+02,2.597583402705762978e+02,3.380669121396500287e+01,6.459721628195370613e+01,-5.993173432941276957e+01,-5.373767742215448351e+01,1.284056246540939412e+02,-2.763278001467778822e+01,7.294737860578242028e+00,1.222975670128334542e+02,-2.686271718865896929e+01,1.500420437688148354e+02,5.730293360514050249e+01,4.553981709782149778e+01,-6.481891470673438960e+01,5.091259950501051179e+01,-4.290459478662464221e+01,4.694088561957048000e+01
-1.018250657604288989e+01,9.668095709841192331e+01,-3.177117279675530703e+00,2.037857550236696795e+02,-2.755469783957259367e+01,-5.345747620235101749e+01,3.461137868012538377e+01,1.077871055827473299e+02,1.070098484827273921e+02,1.667814444024973852e+01,3.390891608047851236e+01,3.405380573724233528e+01,-1.077872813628125499e+02,1.024073441766097119e+02,-1.257856432120667307e+02,-1.075998675784791914e+02,5.502708452146505280e+00,-3.198597341455412035e+01,7.961573993754495859e+01,4.473526726701808087e+01
1.382013870706923164e+01,-1.125533995972050718e+02,2.656010486340204757e+00,-5.251146912141639866e+00,2.221867369021701322e+01,-4.300380054276381969e+01,5.228175379935431266e+01,-3.465610377068669834e+01,4.291134651291122282e+01,7.960475740857509663e+01,-5.345954986523738484e+01,-7.721584701814850860e+01,4.763661564693389749e+01,-1.321099680714428928e+02,1.111664754892062206e+02,1.096261711697494867e+00,-1.147584018983651788e+01,5.460159183512259773e+01,4.839545204220967634e+01,6.518074978907151262e-01
8.786164106019140263e+01,-6.723883053502521534e+01,7.123564932936253058e+01,-1.078623471669075258e+02,5.106489910651337283e+01,-3.278732964669571004e+01,-1.311086062369190870e+02,2.566428171443728701e+01,-3.442649315072908944e+00,-1.542725509482128530e+02,-2.113665542559730568e+02,-1.522638334174949115e+01,1.618225960701827262e+02,3.210150082059107035e+01,-6.683032367144441821e+01,1.081869515687856875e+02,9.072236178745586699e+01,1.271579077989385809e+02,6.838977643427068642e+01,8.859023231112080055e+01
7.311085310125639580e+01,-4.775049474164276120e+01,-1.637280739403595362e+02,-5.211353957930518277e+01,1.104936977001353995e+02,-3.810108360945715589e+01,-1.454590511073559611e+01,-1.165784933146444899e+02,-5.510895721592229535e+01,-9.089166783425922658e-01,4.925621778587533584e+01,-4.586609671756664852e+01,-5.285374256176989860e+01,8.421755651488680883e+01,3.252665264382238774e+01,4.486724651921495166e+01,1.528320586068370801e+02,-5.050743884103573578e+01,-4.901917048163509705e+00,5.511597744231465867e+01
-8.715073616580136218e+01,2.290497382521188996e+01,2.219649725910038729e+00,2.777299411569123322e+02,9.986950166507343241e+00,1.156939765564332134e+02,8.299432138468428377e+01,-1.156561603140987700e+02,-1.548823837960699734e+02,2.470146053662941199e+01,1.257334662146954543e+02,2.879148195631743690e+01,7.885180401717456711e+00,-2.840866529492502934e+01,-1.323961246596404067e+02,-9.605207175890122073e+01,-1.622313688839697932e+02,-1.103046599113251460e+02,-5.260082374293504159e+01,7.760160215169860010e+01
-4.450672607955976190e+01,2.556257855497176479e+01,1.352292111766817051e+01,4.990488354829737716e+01,-1.034814931517258856e+02,1.059193715123548429e+02,-1.407176984953592864e+02,-4.478132023866073297e+01,-2.090540777657829530e+00,7.601448481497472187e+01,1.379309335550753417e+02,7.680315201283902127e+01,1.415916357455858758e+02,-8.291759295073046587e+01,1.190370480071209585e+02,1.018656729913300723e+02,-2.396275057025663386e+02,-2.204642438942763860e+01,6.020374233817824461e+01,-5.154138654454386881e+01
-1.085825172296236616e+02,2.114175217941875076e+02,1.110401509709067014e+01,1.384054341540609201e+01,-1.308994114875065975e+02,-6.123609957962392514e+01,-8.978406293719031339e+01,1.078975230139302965e+02,5.046336209260518046e+01,-5.705636928065294455e+01,5.605002386662145852e+01,-2.535201457410772363e+01,2.344907179785417384e+01,2.297638871857063236e+01,4.202672104795989583e+01,2.996519233967460139e+01,4.210496511649088092e+01,1.255808310485574140e+02,6.405627530735240782e+01,-3.369017627259594860e+01
-9.795274598517474729e+00,1.230170587997066320e+02,1.124224549482146784e+01,-3.740184173570996506e+01,-6.311383421300359231e+01,2.730381081662471132e+01,-8.548568025455762154e+01,1.284795423834306405e+02,-1.037818353757079706e+02,1.478067725519421458e+02,-2.852303158724490117e+01,-1.076737353627655835e+02,1.891757385653763635e+01,-9.530391582142895857e+01,3.437176103026029494e+00,-5.775435315993323826e+01,9.450732678690913247e+01,1.367496099376321617e+01,-1.188500832074534941e+02,-5.970365404260054021e+01
7.049472495931293281e+01,1.287092103790475335e+02,-4.527480746768377529e+00,-1.044396561868903746e+02,1.054036310850888185e+02,7.005636748933750368e+01,1.306539584302549031e+02,2.902091184213065844e+01,-5.205969157968929295e+01,5.168884853955795222e+01,3.263292234415817461e+01,-5.748736918460346601e+01,1.986385838474061316e+01,-1.950258888220464826e+01,7.435378449836802872e+01,4.920069103154347800e+01,-1.051591393281189823e+02,-1.152422579360990795e+02,-8.981117357355362429e+00,3.281928537931572798e+00
7.609767740918266554e+01,5.133039105618889408e+01,1.458685643212742491e+02,-4.671934642754298750e+01,-5.242860694272069111e+01,-9.598140056450439772e+01,7.494071147750800321e+01,2.175218401596076490e+00,-1.853603516961646278e+02,2.021653777078927661e+01,2.659701678170709016e+01,-1.443469427478435918e+01,2.966548529584177629e+01,-1.220235699225720651e+02,1.641031834100027140e+02,3.802594260759228462e+01,-1.773698883078622259e+02,-5.897099330109012438e-01,4.067201996521144736e+01,-1.112932074923048731e+02
5.336302790134378427e+01,1.680925623008665184e+02,-6.443690605495292800e+01,4.284386958699440129e+01,2.085985989921969264e+01,9.682899998123814100e+01,-1.088419046241423160e+01,-1.066716626361869089e+02,9.041822469747063451e+01,-1.007260590720143512e+02,1.808861377892944517e+02,5.607693490151671512e+01,-5.988927366153652088e+01,1.108651612506258033e+02,-9.189034030885639970e-01,-2.214055609940231051e+01,-6.808693760977648424e+01,-1.878178999531837405e+02,6.043925703668272575e+01,-1.628126761817607075e+02
-7.932943318513783026e+01,4.328445538502771228e+01,-5.006764014955146536e+01,1.571518707909484647e+01,-1.213695313949653070e+02,-3.484593731379014514e+01,1.633857049581880361e+01,-9.514725159357216455e+01,1.686363477741921315e+02,-6.374239128807273858e+01,1.378416788015905183e+02,-1.678055447464665662e+01,-1.568475566081353918e+02,-1.136900808595652705e+02,1.760792889313798781e+01,1.032775752558423790e+02,1.769777132625362981e+02,1.282187285932946708e+01,-1.177243747494581356e+02,2.784850805447453581e+01
-8.252146733601530570e+01,3.921916211945519848e+01,-9.414745524055496162e+01,-2.089570237169812401e+02,1.316855659619898518e+02,-2.264167313452617591e+01,4.966033381658160550e+00,9.967013742395218401e+01,1.878846709331454576e+02,7.200806521489569434e+01,1.030016162036112526e+01,4.628728761132399683e+01,-2.947830432866373940e+01,3.611437848963941377e+00,1.448636378591840135e+01,-7.866252568031333681e+01,2.117358687787677773e+00,3.671018525039298197e+01,5.170168975755498053e+01,4.373237824293144627e+01
-1.339025218074374095e+02,1.229258942599656734e+02,1.146281227453815603e+02,-9.614840821878896548e+00,4.555086951054342137e+01,-2.165537671085082039e+01,7.519576628114661787e+01,-8.142718461333691948e+01,1.342460595290924630e+02,7.022076118179569448e+01,7.254337915688907401e+01,-1.050528764258173098e+01,-1.412618504932693213e+02,8.839347001207697474e+01,-1.379561334902550414e+02,8.959726602245454785e+01,-7.721272168322232687e+01,-1.587048654030603814e+02,9.997037135306612032e-02,1.182800550538406554e+02
-9.656037484186866493e+01,1.599034624394826380e+02,6.567405438306748522e+01,1.567595223658764780e+01,-4.356242562391125261e+01,-3.658973517948103904e+01,4.301672287508900894e+01,8.460408585190612030e+01,-5.934962176520882338e+01,-8.065133272847680246e+01,-2.138268184218670243e+01,1.393628675857343922e+02,-1.216888340336467422e+02,1.142477644742771759e+02,4.227983159313253303e+00,-1.652739143158614752e+02,-4.616324015656823576e+01,6.096680729402730492e+01,1.801813945040761382e+02,-1.327372723381567710e+02
-2.819176476055258149e+02,-1.309552815457936674e+02,1.130415507866505891e+02,-1.793741707068419942e+02,1.497253890879387086e+02,1.214808947761920450e+02,1.910362420627579993e+01,-6.263653103470280570e+01,5.526062581714292321e+00,6.110873521401018138e+01,4.584764647252987402e+01,1.739659373270105220e+02,-2.601024498264968798e+01,-1.300842973622997931e+02,-1.477280707132125031e+02,-1.677291268059150582e+02,1.962789225356057798e+01,-2.343687007224570351e+01,3.265460289427175145e+00,-5.370595408061829801e+01
-1.110166858722677148e+02,6.143358846274523444e+01,-2.463063899846251843e+02,-8.015955677537363044e+01,7.864901599683912536e+01,-9.008384267030366743e+01,3.916754197984968755e+01,-8.002590955364649972e+01,-4.558448738302872982e+01,5.749205158047981001e+01,-1.277848317063132697e+02,7.452783300763458385e+01,4.592049244776648997e+00,1.256438867379029887e+02,2.081499716467395800e+01,-1.069486620479347607e+02,1.727994421941235998e+02,-9.859429448021576547e+01,-2.271560841339423220e+01,9.574089269617731190e+01
-1.879927774683637836e+02,1.439668980113872863e+02,-1.150884292326313556e+02,-4.549994198375723187e+01,2.888579041976757722e+01,-4.170585608540084088e+00,7.891760584504534393e+01,-1.600807570971050495e+02,7.274513537727173684e+01,8.072423877735299413e+01,1.029225829245892641e+02,-1.589660771966410380e+02,-1.468935233829022309e+02,-3.423756496585115627e+01,-1.360825781302700932e+02,-1.803967899414503506e+02,-3.854640572211655325e+01,2.340913614577646129e+01,2.798979530294659526e+02,5.486751540456903342e+01
1.752269999899818913e+02,-4.415108637357702648e+00,5.595659928672935735e+01,-1.461376955327746074e+01,2.683123216716888919e+02,-6.855908635290580833e+01,-5.499743001331908232e+01,7.965406876562039429e+01,2.074729036393260273e+01,-4.241620034771158743e+01,9.603771487381564498e+01,-4.114716473112233430e+00,-4.819672744738841885e+00,2.305823075288909152e+01,-1.734120689512338345e+02,-1.593253991789436270e+02,1.086895612586807829e+02,-6.769616709175045344e+01,-1.329513482096952615e+01,1.612438636122926710e+02
-8.786745592958471462e+00,-2.100888141071610349e+01,8.960775894952894305e+01,-5.982649165528598445e+01,1.202929229282039501e+02,8.755579194364800344e+01,1.830333195308336940e+02,-6.903430432771990866e+01,1.366974646202413624e+02,5.540921070039264151e+01,-1.325366383675021495e+02,-2.596176424444655595e+02,-7.980268820953293130e+01,2.923478073457525994e+01,4.373479326078073370e+01,-5.908106528506490207e+00,-5.012936592303277372e+00,-1.259935001001900901e+01,1.031217133738357177e+02,-1.436289698283071630e+02
2.682898575342782621e+01,-8.227512758630415135e+01,-9.065410650574344231e+01,1.176230563906836153e+02,-9.832630769199425913e+01,-1.395182338998616522e+01,1.958498401878994741e+02,8.380769680816746359e+01,-4.549703129603781804e+01,-3.723730584058809256e+01,-1.227202898658293009e+02,1.300645242266051866e+02,1.011351807921067660e+02,6.866022738697810723e+01,7.968329448091385814e+01,-7.745246093974238022e+01,-1.547912442735850505e+02,5.605404253038091156e+01,8.885578736213943785e+01,1.607046683126962705e+02
-2.008902062734287242e+01,-3.467512785803189956e+01,-2.392602046694558382e+01,6.707438254328879168e+01,-2.820892826752463378e+01,-5.223908676333989476e+00,8.310528912389537481e+01,-6.258361552337359512e+01,1.391153985421763366e+02,6.330890073265762652e+01,-1.857620629340315475e+02,-5.153541965283648807e+01,-2.024343498206108904e+02,-1.966793982868004775e+01,-4.983111041205356884e+01,8.348547592001887097e+01,-8.810183489553338632e+01,3.877350019344899579e+01,5.688476094684339301e+01,2.571948522280142413e+01
1.140123581772528638e+02,2.068288850841875615e+02,1.119419426990675781e+01,4.051795168903684896e+01,-8.802769538321101095e+01,-1.019523414023242367e+02,1.033829650332727965e+02,9.015255061033580830e+01,-1.029619874171263234e+02,-1.308220542509472750e+02,-6.487368046805896427e+01,-1.413779694341107351e+01,-4.091264084832440773e+01,1.605148683322526892e+01,9.170625123726054539e+01,4.621043787549383097e+01,5.361209976841235658e+01,-2.451536394408877584e+02,-1.613903020119082612e+02,-7.964568076460577117e+01
-6.313936481595067107e+01,8.398278349392337816e+01,-8.789014314681315909e+01,6.669276613573683221e+01,-7.851057388062980635e+01,-1.200884287392815395e+02,-1.154449659043791598e+02,2.258266493289222296e+02,-8.073649685099942985e+01,6.909872088603408713e+01,-1.558198429750200376e+02,1.418929004178735056e+02,3.490411450637130031e+01,2.739788687928871269e+01,4.138273231433190347e+01,5.239997244453508074e+01,8.090672588448798308e+01,-5.990974182090280920e+01,-6.575882937721222277e+01,4.922387804806770184e+00
6.844277604183088215e+01,-6.665547622248927162e+00,7.739017957991032404e+01,6.178367827019173575e+01,-2.169832614160263873e+01,-1.747179969780849547e+02,-5.035279453539113348e+01,1.742797233809675106e+02,3.400596507056998519e+01,-6.395501312700926633e+01,2.506515776078992275e+01,6.766440683278018753e+01,-6.390656094516333496e+01,1.235383894121896446e+02,4.956980211636502531e+01,-1.099908773172339806e+02,8.563662865423737003e+01,-4.096133847976953035e+01,-1.791304263056053969e+01,-1.015968696968111260e+02
6.314464126898302254e+01,-1.488652266954214021e+01,6.737569545006093108e+01,-5.509823890655695067e+01,-6.654032878700783726e+01,-7.464370715977504744e+01,3.960321795429281622e+01,-6.803498245027363112e+01,-2.031126487264132052e+01,-5.184269873063323786e+01,4.400839248976761553e+01,-1.735302446604311513e+02,2.470328702233383922e+01,1.731343189095807418e+02,1.236026108733697839e+02,-6.166531219734721958e+01,4.946017761649839883e+01,3.005654728399051834e+01,1.469392063162137561e+02,-2.510114922322767654e+02
1.112867368935164194e+02,-2.675176727638711327e+01,-7.432289394504176983e+01,-7.718020287946255564e+01,-1.299906316211280171e+02,-6.141184074739357612e+01,-1.079734053931395579e+02,1.802171705073185137e+01,5.899376323283804879e+01,-2.565734096383617313e+01,1.499723206256165042e+02,-5.484212854569384632e+01,-3.088624223965926774e+01,-4.729406429284239266e+01,5.986188739143949533e+01,6.995735028518885201e+01,4.953668839710970673e+01,-1.241086539374695796e+01,-1.340622859077888904e+02,-3.194405808105067379e+01
1.478139713900531262e+02,1.013237887434986391e+02,2.940503966867200702e+01,-3.844520571184433066e+01,-1.361847733452440590e+00,-3.800042390357144484e+01,1.193051688083546651e+02,-8.389669983934153663e+01,9.236692822969773431e+01,-5.292025716587674111e+01,1.320926830361991620e+02,4.267759238080067519e+01,-7.493873999448688039e+01,-3.093124135020073240e+01,7.116406067233262434e+01,-4.991428235740594488e+01,2.213648538120617904e+00,-5.129441691489446953e+01,1.759117148248546414e+02,1.931071892951330256e+02
1.463123953391723830e+02,-1.243739651338329111e+01,-4.027526467069683491e+01,-7.791635795141296228e+01,1.535721290803105887e+02,9.307237107011690114e+01,9.787608815073403434e+01,-2.499279368808918633e+01,-1.757897484257908332e+02,-1.527957609540763144e+02,5.763406290250961739e+00,-5.226742563663353280e+01,-6.377012943926315813e+01,3.451483737286241649e+01,1.013659829859492163e+02,-7.012270685967493478e+01,-1.305609685656177987e+02,-6.774711754777266037e+01,-1.043963962551932525e+02,5.928326159259886907e+01
-4.108754209921549605e-01,1.880489228235559835e+02,7.346851196382621652e+01,1.813856136998165312e+02,-1.403875359907615632e+02,-3.252858796431616497e+02,2.429920284354014370e+01,1.232202409921072039e+01,-1.227854145479371262e+01,9.579672562964498539e+00,-1.124026184730608406e+02,5.631786978844506564e+01,7.361932401023375405e+01,-1.199748717003107572e+02,-3.536364208492909000e+01,-2.918638491397607737e+01,-6.708109021602790278e+01,-1.161112390133221624e+02,1.250499102542457441e+00,2.608055206642987400e+01
-6.101821087642951369e+01,-1.090788597756457534e+02,4.105572450413729513e+01,-7.673204752356552660e+01,-3.092055135992057302e+01,-4.360766281582200321e+01,1.245708664169661262e+02,-7.214304640536181523e+01,1.725526579008984243e+02,7.523019381415069518e+01,1.820898675789352410e+02,6.646388295796734269e+01,-2.210444477021707144e+01,-9.173663291521941687e+01,-3.554113907742734568e+01,1.487281025223227005e+02,-4.793879234488530372e+00,6.609193871551080690e+01,2.069713450659923382e+01,2.496611785092411750e+01
2.881596839649145991e+01,4.953414868324523468e+01,-8.141074910908101003e+01,-2.749042709061949097e+01,3.093133330163397687e+01,1.634872225001965518e+01,-4.612046036122338677e+01,4.166009147611050878e+01,-7.711413565572192397e+01,-1.223006168936269944e+02,2.949857678891437729e+01,-1.198491737520757283e+02,2.801240024196352607e+01,-1.954680995598753270e+02,-7.249878391567993674e+01,-3.275769130491151770e+01,-1.606635174617660482e+02,-3.726722728731731138e+01,1.185019637952411102e+02,-1.270308726883555721e+02
-3.453732455213506114e+01,1.702644669372199360e+02,-1.061860863010768270e+02,1.397223351733872221e+02,-2.790052800459628202e+01,1.019120858829150755e+01,1.291482231409384553e+02,-4.850979393010193519e+01,6.310256734034852855e+01,8.845971067255877074e+01,-6.508140072420670208e+01,-7.614301670987953230e+01,-2.286030956489664234e+01,-1.973153411612395303e+01,-1.078947979091188927e+02,-6.416004986680316335e+01,-3.466904156872158183e+02,-3.342726832944064341e+01,8.943941803013173342e+01,-1.666689134774549359e+02
-4.631445315435335885e+01,2.442332807843222611e+02,-2.256004133353401109e+00,1.356794367807970616e+02,-1.011915321691197391e+02,4.488184057722252618e+01,-1.182218230041688400e+02,4.010646149442841590e+01,8.422482347597835428e+01,6.049758455296758797e+01,-3.449373257315173902e+01,2.749335660178914154e+01,2.844919354094951913e+01,6.659896554551524162e+01,-1.237669482065863669e+01,9.311388002352344984e+01,1.434605399296058010e+02,-3.178674467050002050e+01,4.643972794196042919e+00,-9.048147838117124309e+01
3.402573238242679565e+01,3.466377277807942647e+01,5.798638503370229458e+00,1.333996543012694858e+01,1.921826389074187205e+02,-2.886722804063476246e+02,-4.966568779594702931e+01,-3.437236780920799362e+01,1.456912612954301096e+02,4.752888093185805474e+01,4.996858361381561764e+01,1.259856190903124684e+02,-1.799567018032806942e+01,6.523265358282317550e+01,-5.307658881533568263e+01,-1.053306325845462510e+02,1.794166987302988332e+02,3.690317297641300343e+01,6.446625948746019219e+01,-1.080174684765333950e+02
5.103526458618878081e+01,1.778232746871838685e+02,-2.774500683843951165e+01,-1.255799441178603928e+02,1.839761936541110643e+01,-1.035896905210295103e+02,-1.557798696471022311e+02,-7.347656947407853067e+01,-4.925977947760027575e+01,-9.872497945509581996e+01,1.326466782138560632e+02,1.889610004639474710e+02,6.180880162074322470e+01,3.841954921030603032e+01,-1.420481127111114539e+01,-8.963328141130637050e+01,1.602910231073635146e+02,-6.285349709034436572e+00,-4.625854720665002873e+01,1.014756624003202603e+02
-7.358418988041329101e+00,9.772942430914788758e+01,-4.097487065355437608e+01,1.017636925453673484e+02,9.797672169413638699e+01,1.324828421990092693e+02,-7.094248395934931750e+01,-8.303943637898999697e+00,1.947770078936248694e+02,-2.464120791044516068e+01,8.110257980324766436e+01,2.290565017621921697e+02,-1.849041195867462193e+02,-2.795556379715751660e+01,1.870183891876146254e-01,-1.798878659273896119e+02,-4.559712179805427468e+01,-9.713812770540660324e+01,8.576854683508439336e+01,-1.732647355127598132e+02
1.889322621980546444e+02,6.898974132579451179e+01,-1.053821580227038766e+02,1.026419454871977877e+02,5.969796735175110314e+01,-3.876762479067464628e+00,-7.214568825758664161e+01,5.476632820074838293e+01,1.229203657479292922e+01,-6.892405122651842930e+01,-1.343255094096173252e+02,-8.505890208371336314e+01,-5.032978556372250978e+01,1.162487284191474686e+02,8.607589497572412540e+01,-4.500675343140751750e+01,-4.111939596923929940e+01,9.913522795516995245e+01,2.673467494252628640e+01,2.534147598742996621e+01
-7.033754054943184997e+01,-1.234188570481457248e+01,4.261667219087788006e-01,-9.119174697371089877e+00,7.340679118558628602e+01,7.653538394160499081e+01,-9.189578346995371305e+01,-5.002145157508775242e+01,-6.873735332202961956e+01,1.388525766110214477e+02,2.253490529765839767e+02,-4.636213751369113822e+01,-1.670952455568828654e+01,8.423148311973311309e+01,-7.072110792297230830e+01,8.649083275824767725e+01,-2.086926306221222216e+00,-1.743739702949962975e+02,-1.300433580371694688e+02,-3.378540672507916298e+01
1.222948554790845890e+02,-8.925345983889782531e+01,-5.341006013079648795e+01,2.111242267825976526e+01,-1.668764956061007751e+02,2.985532810576475526e+01,-1.543740086099101916e+02,5.671842094617861818e+01,-8.087780822373949263e+01,-9.420491402148155657e+01,2.727966245317937677e+01,7.939905095010659863e+01,3.762598560571869655e+01,2.076434998503559015e+01,2.218022094172307845e+01,3.823218877616618983e+01,4.480361960485042516e+01,-3.942810500669531848e+01,6.545029487807400415e+01,-7.981902251812003612e+01
1.091393263621374530e+02,7.824436487884821645e+01,2.180901004584707721e+02,5.138484513055696823e+01,9.090996865475898403e+01,-1.560538288012604085e+02,9.416967423057228359e+01,1.176456022364263987e+02,1.504721293388450931e+02,1.204663523414992810e+01,-3.418933761080101164e+01,-1.089514775276620924e+02,-9.980359618670388500e+01,-2.560667455571640438e+00,-1.751437997203831287e+02,-7.682186080812988394e+01,8.952205076065128608e+00,6.720345271021126443e+00,-9.693937533708299270e+01,-1.233863310458636988e+02
-1.084512456386016623e+02,-2.208521588048699869e+01,2.129797143083265212e+02,1.060339086067271950e+02,2.141944038842411402e+01,5.538907653437020429e+01,1.015864873880141488e+02,6.756186509289906894e+01,-3.082099734272571823e+01,-8.455882065715385920e+01,-1.252741707255376546e+01,1.004241666911920703e+02,-2.703911754442410142e+01,-1.104675629137649793e+02,-1.723447992774322586e+02,-1.210307616782114515e+01,-1.025642242537841469e+02,-4.365158863762675168e+01,1.456232528853321071e+02,-5.384971124694033939e+00
-7.504607747487776237e+01,3.087512809918690593e+01,1.920954667080249862e+02,-1.206962484070257347e+01,-2.355526302651971378e+02,6.500765765259795614e+01,3.464300609268370579e+01,9.012235549572602977e+00,-2.191772586609677731e+01,-8.072721748847818901e+01,1.514974223933857047e+02,-1.838309334709047675e+02,-3.089610808117392793e+01,-3.323401715858729943e+01,8.534418023971930722e+01,1.235660645383743770e+02,-2.267338100274926660e+01,1.929658522686866107e+01,2.779868144772389016e+01,1.053326239409584133e+02
1.032730447363065025e+02,-5.384135444989309605e+01,4.379014014363106355e+01,3.832517924728639258e+01,-1.159099468498690300e+01,3.737817340321595339e+01,2.018776187622510321e+00,1.578905991144870313e+01,-1.356006311712498871e+02,-9.179613720686290890e+01,8.177555095731914037e+01,-1.210587876819118662e+02,4.701092091956935803e+01,-8.142598102545102634e+00,1.030654729329830985e+02,6.488005420966854331e+01,-4.532791704568352031e+01,-2.232483478715498393e+01,-1.985537814560085224e+02,-1.303981151927288629e+01
-1.270148742604190488e+02,-2.187063580085563785e+01,-6.379182339558695247e+01,-8.766292018894810667e+01,1.187724512120213376e+02,-1.276210897007053546e+02,-9.630651134118454593e+01,-6.982110433900795954e+01,-4.811180588705911987e+01,-8.767785114715442774e+01,-3.591484923062925816e+01,3.021543168188646078e+01,6.698587580289657240e+01,6.213079574102525982e+01,-1.908202578331064672e+02,3.801958935114372906e+01,4.418984927131266005e+01,-6.623991437111757818e+01,1.667684206307138766e+02,1.087666231814587121e+02
-1.830243831410444244e+01,-5.959683052682327542e+01,1.651444460942959154e+02,-1.901373785945447148e+00,8.503705766040697611e+00,7.245659712584923362e+00,2.303104471215980595e+02,-2.165152641070394424e+01,-2.364197679881677949e+00,-8.310626629988593095e+01,-3.894994422636396081e+01,-1.031392194286498238e+02,-8.107332530331218834e+01,-1.809951657807730498e+02,8.815245709787681960e+01,1.567463375859131069e+01,2.391092922808202559e+01,-5.243830653286850385e+00,7.176601751734250634e+00,1.619139071250436928e+02
-7.687727918347407297e+01,2.783567982791824846e+01,2.729911428250087368e+01,1.141989228395758005e+02,4.386548125537510856e+01,4.889188448273505827e+01,-1.258269570539856375e+02,-8.089023517049817258e+01,-1.166888404063592759e+02,-2.475871797488055392e+02,3.971993361076375351e+01,-2.616288399080129068e+01,3.990716885796926050e+01,3.548928053550049810e+00,2.404363152036094675e+01,1.338115411771702270e+02,7.295089275953554608e-01,6.689892181038264596e+01,-3.022436860340760489e+01,8.247881200122584744e+01
-1.239637654719780642e+02,-1.837556201499952806e+02,2.106660471664436045e+02,1.836304152313244060e+02,-1.945514496446378985e+02,-3.611332597627714414e+00,1.499163430786420648e+01,7.229715819683887901e+01,1.739208896551233181e+02,-1.061410252019117735e+02,-1.007681825515447827e+02,-1.171176191213900986e-01,-9.635780338854712568e+01,-2.714136778510472823e+02,-2.272400647748906977e+01,8.575439071566906080e+01,-2.046738553865211863e+00,6.240452591498019075e+01,4.810062039542519585e+01,-1.026985625391968000e+02
6.802154437905523210e+00,-1.525160649039010252e+02,-5.119106614852041304e+01,5.045318445193242241e+00,-1.152666288072543843e-01,-1.290934876810570984e+02,-1.088995486205552936e+02,2.909596296578956398e+01,8.273934353033007483e+01,-2.069674934898971586e+01,-2.570266792532208555e+01,9.312760000029220464e+01,-7.720661140272640921e+01,1.727029566104117180e+02,-1.345272704649748619e+02,1.048496331488793771e+02,5.391678441530574162e+01,2.410120522395191642e+02,-1.121169320382107770e+02,-2.334022858600970949e+02
1.249446367295391269e+02,-1.471333507319784530e+02,6.157764921380881873e+01,1.182151080627257045e+02,3.797607647177522949e+01,2.321808865021936086e+01,4.009400348069447517e+01,8.374218933713444812e+01,5.870684847630177927e+01,-1.216583806791155382e+02,1.824999721849183629e+02,5.110803487690194657e+00,5.183415864795045991e+01,7.109890175268625967e+01,1.155927801881285291e+02,1.052106822474635237e+02,1.317368264474922412e+01,6.746648458479037380e+00,4.086109829688965078e+01,1.100061005953466804e+02
-1.112621684832884199e+02,6.440954222419598807e+01,-8.863226049959979491e+01,1.851213525001470259e+02,3.673141679844773932e+01,-4.160275746508681749e+01,4.287166016688959047e+01,9.201657686453004192e-01,-1.601869623324277825e+01,-1.809225256407750635e+02,-1.024193003177715156e+02,-1.404530994825141654e+01,-1.688354139680402852e+02,-5.871762973576208111e+01,-4.998747627870253041e+01,-7.794426267379317608e+01,7.723548136646407158e+01,-8.801693185981382328e+01,8.840881207656391183e+00,-3.531639589905747556e+01
-1.187972631321348160e+01,1.606400752651131256e+02,1.796863518331748111e+01,3.730328915262884237e+01,-7.654170872130679015e+01,6.261496772956373036e+01,5.839699068478343236e+01,4.876086670387114452e+01,-1.209176817882651562e+02,-5.852472179680935227e+01,1.433580063568291507e+02,-6.877444656872692974e+01,1.569988025754630598e+02,-5.463965770504069042e+01,1.482161540528223753e+01,-1.871692342574640477e+01,-8.448052821816638414e+01,-8.304089795696835097e+01,-7.042430064897351372e+01,1.480642814495749526e+01
8.904175239952705567e+01,8.315665271399574010e+00,-3.337823654554942454e+00,1.210378055342296761e+02,4.133817696631339800e+00,-5.428636051113470273e+01,-9.977410786367995854e+01,1.270447283658617579e+02,-3.293975101623027513e+01,-5.785737943738683242e+01,-6.650432235727262764e+01,1.214190555487728318e+02,-5.729739932682248593e+01,9.904627576750938545e+01,-2.304079104094691033e+01,-1.208380331026923216e+02,-3.324916938199006466e+01,-3.279313444794051069e+00,-1.151707927713494861e+01,-1.399837028761351831e+01
-3.219449431718188492e+01,-7.850099597026286347e+01,1.073756377419343266e+00,5.409484207279257362e+01,-1.462595760599712378e+02,1.299062218052206674e+02,-3.696621905689337950e+02,7.524857476634911890e+00,4.660869354734251147e+01,-6.033528098950243646e+01,-2.125834770970581076e+02,-9.672410009204764236e+00,1.696959246034336033e+01,-1.148718734576199552e+02,-8.301334105804593833e+01,9.627120960637837754e+01,1.176817597017758033e+01,-1.508676989262640973e+02,4.498299177551313477e+01,-9.305188319783678708e+01
-7.747624328266481086e+01,1.976573926807979831e+01,1.044900276191351018e+01,-4.026065411588316323e+01,-5.042093745818531403e+01,-2.507990387249451203e+01,-7.805934930726328957e+01,1.089012251777542417e+02,-1.569193699008465899e+02,-2.408785945733252376e+01,-1.459405073378548821e+02,9.360017472785217763e+01,-2.423103339869745909e+01,-1.056668592881112545e+02,6.850476262616857070e+01,-2.291930676738940349e+02,2.808840251389879583e+01,1.151289188537747208e+02,1.795435578627791529e+01,-5.065104467840828306e+01
-1.242181961809372410e+02,1.082514635422507752e+02,9.274218576423011484e+01,-6.453618308910212420e+01,-6.186375136095279004e+01,1.186767100226650484e+02,5.316131467885444550e+01,-1.786584339710746008e+02,-1.957024047029919345e+01,-2.325564477778301153e+01,2.476344726296048648e+01,6.046015935305371070e-01,-5.127111617722185599e+01,1.783596523598781758e+01,-4.477776628467196218e+01,3.414187025980058365e+02,1.227279010135362292e+01,-1.469946912900205183e+00,1.842807558311562559e+02,-1.364343393444303558e+02
-1.099728740834818019e+01,-9.496030870042734762e+01,6.350100565100888161e+01,-4.943494821781327175e+01,5.800937351997475133e+01,5.080509984345422936e+01,7.803722619900742075e+01,5.245187925219563141e+01,-2.240393938550166553e+01,-1.397652706768986661e+02,1.009084941013263688e+02,1.409027424665156900e+02,-9.378683112916041864e+01,7.358773616126876504e+01,-1.170362747585586476e+02,2.034321747618973575e+01,4.094204862083309138e+01,-4.262197738046743467e+01,9.507143689307630652e+00,8.482031714972156067e+01
-1.094165052510105340e+01,-6.751375045601977831e+01,-1.223779212772339093e+02,-3.907643662544100494e+01,-1.174721581209089010e+02,-3.773840216394400215e+01,-4.652424634295886108e+01,8.041049699625204994e+01,7.347501621031065966e+00,2.547259689717191691e+02,-2.013589236507635007e+02,3.133714317187800802e+01,-4.515562854995113895e+01,-9.560406204844460376e+01,-2.976949457617033001e+00,-1.046169323609604440e+01,1.077812817346031977e+02,9.125844680300255973e+00,-6.928015877187685589e+01,3.342105637003203356e+01
-2.296515637115176389e+01,-1.125478545120706713e+02,-2.485453695127762686e+01,2.309420774066886750e+01,7.228243023214665719e+00,3.303130546318818972e+01,-5.264852090071915569e+01,3.176119614339432573e+01,1.201158128174157191e+01,1.282293837735431552e+01,3.235655282668674193e+00,2.176093210235964079e+02,1.110126243800068977e+02,2.953917569286323896e+01,-8.002072768482170773e+01,-2.923324997564639105e+01,1.615788151148338727e+02,-5.629374628335040143e+01,-1.657296331354653418e+01,-2.214033256144085371e+01
3.678872771585159995e+01,-4.366464772854310183e+01,1.768580081482552302e+01,-4.143168946516240680e+01,1.314510699531732030e+02,-6.862776244339934806e+01,9.776448447884357051e+01,-5.851358563236656352e+01,-8.537463278807419442e+01,-7.007927464899219672e+01,-1.711435727034754279e+02,4.385984463843066550e+01,-1.163976109523104299e+02,-3.579195275926062436e+01,7.616215975987628894e+01,7.293526797446342869e+01,-1.431658915997265638e+02,3.105435799309374545e+01,1.140493982308255880e+02,-6.368429101898639288e+01
5.135733280018290969e+01,-1.143279605794539151e+02,3.856569532369898923e+01,1.312713613296578785e+01,6.611469558254526646e+01,5.991460868887054403e+01,-1.353483609551152540e+02,1.365532407441925145e+01,1.452913644273871512e+02,-2.185308821782429618e+02,9.669261138620657903e+01,1.601705099629087670e+02,-1.484635520484801532e+02,-6.706990711474784916e+01,5.177433219505317652e+01,-8.861251158136408890e+01,1.364579183645362548e+02,1.058896265756070960e+02,-1.384963239543118334e+02,-7.430580999310129187e+01
7.698368218350211123e+01,7.306594027473278175e+01,2.218440035303038371e+02,-8.798822054494817735e+01,1.459217839471990885e+02,-9.139139447635696456e+01,5.003209324558714854e+01,8.923424415594841719e+01,-2.993900092866432487e+02,9.112062980827822400e+01,1.384569691049386222e+02,1.095881753473742179e+02,2.053338810077676726e+02,9.651772835058901023e+01,-5.372051013525144469e+01,1.239011134415277837e+02,-5.939662805554154801e+01,8.241792494597845575e+00,8.317832734012358742e+01,4.480808241467097730e+01
1.351131991850163558e+02,2.488674695838768400e+02,-1.137363941951399653e+02,-3.283361188096876049e+01,3.163783625623095119e+01,-4.631909433067411896e+01,-7.570626849789882762e+00,7.758196062750684519e+01,6.429083313667669586e+01,2.473327303058837501e+01,1.477305032642306237e+01,-2.238701344936163551e+01,1.404522839447718070e+02,1.663388836592997961e+02,1.018814003608470529e+02,-1.149376587865954491e+02,-2.622104300344715710e+01,1.996659597728847046e+01,-9.406945279222348688e+01,7.908370472892825909e+00
2.222179253424299450e+00,1.084138174587230736e+02,-4.982904396786317136e+01,1.163302888273695146e+02,-9.573680361693865848e+01,-8.178391976613538361e+01,-3.793623077319873715e+01,4.787188666480816757e+00,-2.416512401402597732e+02,4.592975654109390860e+01,1.709342531745751330e+02,6.512695679773533186e+01,-2.106699268051626461e+01,-1.084591082269592590e+02,-1.813022235749013475e+02,-1.643023624715317510e+02,-1.308398750068771044e+01,2.106910018451268627e+02,-2.717073390631406937e+02,7.002178892350629269e+01
-6.777154123859413914e+01,-3.354949590283429472e+01,-9.376988865440122822e+01,-1.367438791486904393e+02,1.256372386723207590e+01,2.628034864696691031e+01,6.683400587192906528e+01,-1.685243706108190338e+02,8.739723334780875064e+01,8.918075542551838453e+01,4.244936864314716729e+01,-4.209616170684608960e+01,3.084308671889445819e+01,-1.604490568103222969e+01,9.685163299850061946e+01,-3.665442979267830736e+01,1.080244300766683097e+01,-1.738322004971140871e+02,3.052997891902215599e+01,-7.495544509047368820e+01
5.124662173605693027e+01,7.884248952478341721e+01,-6.099729420946522396e+01,3.118830246771692405e+00,1.744949113532578266e+01,3.680637319333209945e+01,7.898578256439155609e+01,6.590111763634629938e+01,-3.798903072481328991e+01,1.598321929154104453e+02,7.519874761208009772e+01,1.405144392252026933e+02,3.467067233719190256e+01,4.058054552785406344e+01,-1.171910514045433693e+01,-4.437744784376951657e+01,9.753381811043688288e+01,2.645906245814162006e+01,-1.315638455133949769e+01,-1.022624985871402288e+02
1.555115537708119291e+02,1.126254346325700872e+01,-1.226722577218551038e+02,8.142246582452324688e+00,-2.009204378005620484e+01,-2.419464001451484592e+01,5.762598019713654907e+01,-1.995395214302357800e+01,-3.054990520804923193e+01,1.362404736938858889e+02,-1.739566975261981270e+02,-5.138230789427667311e+00,9.288518606588131377e+01,6.269324488924667804e+01,1.020048593276618192e+02,2.021571879884003806e+02,1.698951743891992123e+02,-1.155534713882874911e+02,-1.610703416107496366e+02,3.268524066985153809e+01
-1.354117681557620472e+02,-1.926469320195076307e+02,3.162428578615861952e+01,5.670453254852336755e+01,1.711140645549013186e+02,7.684310699904234809e+01,1.919560085969643808e+02,3.555541853359779481e+01,-1.136270238679357476e+02,8.221870561716237091e+01,1.334313099519820582e+02,3.910843979115717417e+01,1.450550465355740073e+02,-1.232507130361771885e+01,5.458991171153241595e+01,-1.743320813418691628e+01,2.379043591397103228e+02,8.412606863272118574e+01,-1.116705130851207031e+02,1.852597468474619689e+02
-7.331797583573882093e+01,1.369595956653936186e+00,4.683007958256604297e+01,5.499919748436540345e+01,4.837222234883979866e+01,-1.133045505339453456e+02,4.870346351621101633e+01,1.100645937135702468e+02,1.071864029994157761e+02,-1.301812593452037277e+02,-6.556528814810276629e+01,-1.044521646200879985e+02,3.398129920004493698e+01,-1.551647782447560928e+02,-1.122742772281468291e+02,-6.651349896512309101e+01,-1.796790112230722514e+02,-2.779910385909687864e+00,-2.106495239008095268e+02,4.853447695435325215e+01
-3.970216386688736065e+01,-6.239832072364425386e+01,-4.607486215692582476e+01,-6.038609229538129064e+00,5.928661827431159992e+01,1.317097273597117635e+02,1.013905815214954487e+02,2.231688322776616360e+02,6.752972093774495477e+01,1.403151023739328807e+01,-4.570318193316290944e+01,-4.237989569425310776e+01,5.390380265659216263e+01,-9.994441417782043402e+01,2.289761391919359923e+01,-1.886489580388436060e+00,-7.280970565022877850e+01,-1.051190292966181659e+02,2.524717501731841196e+02,-1.396571166218291182e+02
-6.775856434661586825e+00,1.222583808157205993e+02,5.290568649282781877e+01,-4.735355559556608540e+01,-1.192147135545338159e+02,1.297864432595241801e+01,-2.639515249134881287e+02,1.698670603958685632e+01,3.482658689454014134e+00,1.070121928526599220e+02,-1.143339743084432740e+02,-3.234713998460659212e+01,4.369016468375176032e+01,2.055677587035617648e+01,-1.342646496910419387e+02,-6.475017303838825455e+01,1.399911560231393821e+02,2.593263852911154643e+01,-1.664116147977229616e+02,8.832321466773368002e+01
-1.599264726052780361e+02,-3.070204976127515195e+01,5.632765545764778636e+01,1.213705880018736138e+02,-2.337924237660799065e+02,7.115901074706978591e+01,8.617246400504670589e+01,-5.570154681581301048e+01,9.090908943434982348e+00,-3.051971727341344263e+02,-2.747980314807911668e+02,1.108532720008254415e+02,-5.388952289859688705e+01,-3.462122315021390051e+01,2.346764036940261988e+01,-3.659322107768722532e+01,-4.586921335369488872e+01,3.944890619100496565e+01,-1.495536257679388257e+02,1.159917651860593395e+02
-2.302500248743532651e+01,-1.005658500740872938e+02,-1.140209684522331770e+02,4.265188645532311362e+00,-3.063577097783769432e+01,-1.548840074518759593e+02,-6.018351053781364612e+01,-8.091990028828162451e+01,1.261856536520869838e+02,1.304524149717422254e+01,1.569339428370558380e+02,-7.099742243672578468e+01,-2.911318887440301140e+01,3.865532252357140663e+01,6.041326105740340324e+01,7.209910724529655113e+01,-8.878095524334757727e+01,-8.596791369905952251e+01,-3.554202714871765778e+01,1.480906864085597476e+02
-1.000683183431535923e+02,-5.269250061566545895e+01,7.298579144231867133e+01,6.763542647488199577e+01,5.554183678179195027e+01,8.084358077930223985e+00,-1.065133621549736063e+02,-6.907759289021355187e+01,1.126490175928950492e+02,7.736373332557415949e+01,-1.334984907775466070e+02,8.694576297048219260e+01,1.308778438764335590e+02,5.383078871367137808e+00,4.262811806796068481e+01,1.011485185576208750e+02,-6.957163961624019066e+01,2.329597804621480179e+02,1.223077978646532387e+02,5.240281472034619270e+01
-3.450784418471148030e+00,4.947774446137474058e+01,-1.560282498664444972e+02,2.082087767909618492e+02,1.128891573442349738e+02,1.464013596802255393e+02,3.075716368369243447e+00,-3.602891960796277715e+01,-6.743072033502758700e+01,8.135746088468064841e+01,-5.125470796562709097e+01,-1.873569331847069819e+01,5.463991266752499598e+01,-6.593283168363387858e+01,1.043946763983190067e+02,-1.774107788985438194e+00,-1.508119318295971993e+02,-6.700026787683279395e+01,1.308185449970263790e+02,-9.370025133623826719e+01
8.940774872376186977e+01,1.216734366945723700e+01,-1.717003017291138178e+01,2.512594150783274358e+02,-1.284216242929654470e+02,-7.401336049897830094e+01,-2.343006898340780797e+00,2.415749392050083486e+02,-2.110117679230782528e+00,2.742529385554519550e+01,-3.358354995866355353e+01,3.586285785619035238e+01,-2.738174066364618042e+01,6.953226044332554068e+01,7.741873264854945091e+01,-2.341051628281991270e+01,-1.125480038096063851e+02,9.356984702573578616e+00,1.402121748421166672e+02,-8.266605937792095915e+01
3.339168903933009602e+01,-1.205740430012617708e+02,-1.039807334476525256e+02,1.300365835302987989e+02,6.915333826492796732e+01,3.489651300384277022e+01,-2.321773264308295097e+02,-5.528928714367062724e+01,6.068140030866872081e+01,-1.449065507920990115e+02,-3.538853899085967214e+01,7.666537106193173656e+01,-1.511138713344805922e+02,-1.679286586948796867e+02,-1.493828116244179682e+02,3.344852116115123408e+01,-5.569985288629022335e+01,8.780486264631149140e+01,1.210183852346147226e+01,1.880534717938039933e+02
-1.237482198249348215e+02,3.317717051090982494e+01,-7.952147710246502754e+01,6.002126991480295715e+01,1.199358902728400089e+01,-9.931208238203805649e+01,-1.571522461088760636e+01,7.309807721165088701e+00,-5.993089399952250318e+01,7.271672149835769972e+01,-1.031092616668914701e+02,2.091008558033163354e+02,9.536903006268548211e+01,3.487411190535362948e+01,2.845314274697190626e+02,-3.092988258932649615e+01,6.113758675643471463e+01,2.226804635992077763e+01,7.974676932078243397e+01,1.496116367066620398e+02
5.489493766113593409e+01,1.041793895315199308e+02,-5.503879903465914936e+01,-2.061501484637985371e+01,1.638287560263003684e+02,5.968561635293598755e+01,2.483236448581885725e+01,-7.532442090835172621e+01,9.665960811349503956e+01,-7.814654209824603015e+01,-1.076165855770105964e+02,1.149257510289212014e+01,-2.402492533528690615e+02,6.110767163709746796e+01,3.769441967412882377e+01,-3.528035586358604547e+01,-2.621181585600373509e+01,-1.193209046663985973e+01,-7.891273775473416663e+01,1.845726274982931159e+01
-2.493949303855150390e+01,1.124521532886186392e+01,-1.557285853347431726e+01,-3.525286724912474057e+01,2.784926234376371568e+01,7.810998429315104374e+01,-5.247691451678973351e+01,3.954732916459576586e+01,5.194304105141905836e+01,-1.283863882006570236e+02,9.765444751538082357e+01,2.056451330655988841e+02,-8.809569066254557157e+00,-1.711954087040297878e+01,-2.130061615953476206e+01,6.206057547993037105e+01,5.107785266498117238e+01,-1.590661202320853818e+02,-8.661210502341614870e+01,5.073128498916873497e+01
-1.450217698797510479e+01,-1.166117907239519838e+02,1.500260180288017011e+02,-7.997132662579801377e+01,3.577712199692805406e+00,-1.715191114289739360e+01,-1.078688800950558004e+02,1.849548021804332265e+01,3.921068834994198227e+01,-4.676760318296280161e+01,-3.361922643894822471e+01,6.004870427626134699e+01,-1.975138265663387926e+02,-8.450038502477211466e+01,2.134348965323792058e+01,-5.267387269901163904e+01,-5.410290637294515648e+01,9.016925461961686494e+01,-6.333242820376818827e+01,1.979178251113823421e+02
-1.754512577888917804e+02,-2.211993833222067849e+02,8.789361614684575841e+01,-9.839512593720482414e+01,-9.670735882729943000e+01,9.847332738196769242e+01,-4.972685860464610386e+01,9.103618158649048553e+01,-6.104119427524593533e+01,3.625315219753061768e+01,-5.114224799784210518e+01,-9.198122758702884028e+01,1.730601357534717692e+02,1.116462176359825662e+02,-7.266406829326800221e+01,-1.783960368144386166e+01,1.476226798411280186e+02,-9.882204150615218907e+01,-9.341080368080884000e+01,4.700604723048545708e+01
2.270494560261220727e+02,5.383155186744947862e+00,1.049811239486700742e+02,-1.017439756288667922e+02,3.610523419360335140e+01,-3.596147118515611396e+01,1.866625078626748859e+02,1.598690844413130776e+02,2.279416736851362089e+02,-6.954892890974080899e+01,3.549820740594166413e+00,3.751669243240615259e+01,-6.564676363258843139e+01,1.310551997274028935e+01,9.089780363588295131e+01,-5.503655277315041872e+01,-7.033564597370255456e+01,-7.696557761698666411e+01,-1.343702384788687709e+02,8.539928670935175603e+01
-7.056683357258803824e+01,-8.111073302488001957e+01,5.290698351727404258e+01,-1.061602088251415887e+00,-5.255303601050969320e+01,8.106288106660021242e+01,-5.654461319074231795e+01,-2.176950972293944631e+02,1.333242988705813161e+02,-8.281954756893284753e+01,-7.189541788552648427e+01,-7.145370609780493965e+01,5.960098897463614875e+00,-2.742424572062905952e+01,9.880711128581384628e+01,1.645113992510404444e+02,-6.791994784323672718e+01,-9.380074240317505030e+01,-5.219013746871703319e+01,4.390582913203031978e+01
-1.163609687625815603e+01,-5.004115102095141054e+01,-1.297010496766463064e+02,-2.208888842800432144e+02,-1.004717555201432475e+02,1.264415861851879015e+02,4.359927730641970101e+01,-1.915353227375335265e+01,7.297867965573895788e+01,-1.287883155101419277e+02,5.675005155562203640e+00,-1.786355124339942222e+02,3.460190261534823719e+01,2.595151760454285750e+01,2.833082231886484692e+01,1.167618079959825934e+02,7.759947965291105731e+01,-1.208913615327264353e+02,1.182719327880677724e+02,-2.094519483186637387e+01
-1.970148501664534422e+02,-1.087556249078048332e+01,6.471290901423451203e+01,-1.013851896945952262e+02,1.332858243707189274e+02,-9.233165591521628812e+01,-4.810919575356206934e+01,-6.647375357410690810e+01,-1.708976211179808899e+02,-9.931336227203647127e+01,-7.118593045057698987e+01,-1.301055338463834055e+01,-3.001474491881102722e+02,7.165530233598283871e+01,7.066737014436711206e+01,1.181461245589377569e+02,-1.491655478083401363e+02,-2.928314198318359018e+01,9.414356201495589005e+01,1.027495817727875931e+02
1.478930938252555620e+02,1.027149745722102736e+01,-5.597385794185339769e+00,-1.557949196188340011e+02,1.064876194227310009e+02,-4.603142416660471525e+01,3.394097743573011527e+00,-3.282942724397754919e+00,-2.394652258432087137e+02,-8.114557240367166457e+01,4.538813700365133741e+01,-4.858580278118364681e+00,4.618229758364099524e+01,7.838469403113845146e+01,-8.232405806424807793e+01,-5.151502806458051253e+01,-1.411871255588001972e+01,7.734989545441565895e+01,-2.340980382069600907e+01,-1.781097154028876162e+02
-1.981828713450674684e+01,7.332704509687047789e+01,1.357019422818297585e+02,2.805759241847735197e+01,-1.485996676399298337e+02,-4.063707458150637564e+01,4.750571476892023526e+01,8.662147581572709498e+01,5.070715872231446042e+01,-2.516075380481922963e+01,8.585154297756004382e+01,-6.405650925950658348e+01,1.846490728741377296e+01,7.497874119067344623e+01,5.766358070035661854e+01,5.990949702252732578e+01,5.739149936201716429e+01,-1.048693877292630390e+02,1.755754992982499374e+00,-9.092454584420585206e+01
-2.894740563529993693e+01,-1.168839930004192524e+02,3.449667063519542154e+01,-1.965151747180614450e+02,6.172811926084652612e+01,1.534778781903131994e+00,1.902159644077534040e+02,-2.046001520212115565e+01,-2.048966971953154115e+01,6.825322825294072970e+01,-1.464927145784409390e+01,2.748328072999222726e+01,9.944000420885802782e+01,-2.675148376408797901e+01,1.195260169031467257e+02,-1.679133855514616016e+02,1.603479876354824967e+02,-1.788166081445333191e+02,1.352187311697518624e+02,-1.866462468304201821e+02
1.980584118409788630e+02,1.608762135798908588e+01,-9.448842325838511158e+01,1.865119766855140142e+02,-1.088870072392642072e+02,-2.273538794865465462e+01,2.604712290979356908e+02,3.955381545109092656e+01,-2.026014797782010248e+02,-2.732922173729864213e+01,-3.617594625090588067e+01,1.885168765641698130e+01,-4.444297186128980393e+00,5.458504978335935220e+01,-1.528054250791934408e+02,-5.479030401855033006e+01,3.118436320319008104e+01,-7.621418074365767836e+01,1.095943583457946744e+02,-7.421368425347615982e+01
1.433290893366586971e+01,-1.049569651092234501e+01,-1.014680873567323118e+02,6.049099521157539350e+00,-1.311932154884079011e+02,-4.436112267746019455e+01,3.027415449530520331e+00,-1.427338189073356602e+02,6.235016409205223908e+01,2.603746685094611735e+01,5.320007762887247793e+01,2.469076140053329260e-01,-1.150683581291775965e+02,-7.285191247624423459e-03,6.230970836494240928e+01,-1.190308789466265011e+02,-1.110826016587945162e+02,-2.460843859511095388e+01,-3.713295350323267030e+01,-1.616383461876601313e+00
-2.916979457039470347e+01,1.599995457971874835e+01,1.221818019449357990e+02,5.383883885973573058e+01,5.615165433641733372e+00,-1.106711546945772255e+02,-7.219865877755394479e+01,8.417341790468448437e+01,-4.684853938583174227e+01,-9.677521284937130019e+01,2.098033118778793380e+02,1.524459373926676165e+02,-1.244534191328550854e+01,-1.082664501568739013e+02,7.233588472729472585e+01,-4.900679983291240660e+01,8.885327628120481336e+01,-4.890534107626271521e+01,1.645395567895256193e+02,-5.187416313958475911e+01
2.364733484603599152e+02,1.950577848796816127e+01,1.384305634054439622e+02,-5.401003590098674323e+01,-1.311350252008180917e+02,-2.306222804356894756e+02,1.276603838080031466e+02,6.801390997604111810e+00,-1.247575450521707978e+02,1.318203051085855577e+02,1.155994016760826923e+02,1.382385840370534993e+02,-1.339786028442859163e+02,1.246411301045753390e+02,3.840419756755426306e+01,1.427623037307576794e+02,5.427311645443821675e+01,1.730155628476379093e+01,1.259985234462218671e+02,8.518994381843164376e+01
1.081765598773033048e+02,-4.880474006507877505e+01,-1.724093739944785142e+01,-1.733813592246664257e+02,-5.601240690665949273e+01,7.903935386389694884e+01,5.641878175983880084e+01,-9.795321099303062340e+01,1.282345420235092774e+02,2.973075285370284746e+02,-9.027244545786439289e+01,-2.058818020438707563e+01,-6.215954255514257909e+01,-9.488575619307505704e+00,2.739060004818229643e+01,-6.973329385875261721e+01,-2.769197940718334650e+01,8.724319859277624545e+00,4.716019660075525621e+01,1.466492904985339578e+02
-1.447885866474992067e+00,-5.618356351896582623e+01,6.963391476988770989e+01,4.001728789728089453e+01,-1.928275958247293431e+01,4.850167248268267883e+01,-3.831485787258441178e+01,-5.303840190544327982e+01,-1.899317154793158977e+02,-3.279231073955778442e+01,-1.762522980850539511e+02,-6.394038488359697681e+01,5.794807365973220215e+01,-1.505169673835599440e+02,-1.898449441663657566e+01,6.547366776729919735e+00,-2.385942043312338257e+01,-4.813348272404937234e+01,3.253888135526386094e+01,4.640992005666031162e+01
1.526128539629183212e-01,-4.257609178029279917e+01,8.647359330501083718e+01,-1.310740060248250529e+02,6.873785584752207001e+01,4.196943913216558997e+01,1.990268438132692452e+01,-9.895495726644440992e-01,-1.889968798912348404e+02,1.387352362011728246e+02,8.386710488851915102e+01,-9.613901758943059406e+01,7.588096850156215112e+01,1.888396995236203679e+01,-5.830020294564505434e+01,1.191793717389547140e+02,-4.308392588408694479e+01,1.356126599596220501e+02,5.342803649501275487e+01,9.565587264243539778e+01
5.790853730734476557e+01,5.327307877595418262e+01,2.152304316464332246e+01,-7.268189470552690068e+01,6.252572234480807900e+00,9.163908440411674405e+01,7.192597115856167989e+01,5.012534648602976262e+01,-2.095753313095997896e+02,-2.132241189072579601e+01,-3.182892213498029221e+01,-1.103257568061612801e+02,9.037576211372672219e+01,-2.025308693109548699e+02,8.366357479013124987e+01,1.329238249403229304e+02,-2.098417382688686317e+01,-7.433894397768119333e+00,9.675592356933381666e+01,-7.636546534243318263e+01
6.607764767724565047e+01,-9.178143476764326181e+01,-1.217441905619367049e+02,2.959907266498696288e+01,-2.668698129453591861e+00,-1.721004311170979975e+02,1.415310952419622481e+02,-4.147170383836436258e+01,5.106799193590524055e+01,1.605183251333150452e+02,2.476043762793621283e+01,1.273292065867090770e+02,-8.630540463449824529e+01,1.420985353830047586e+02,-8.258644959831232768e+01,-5.711414876281810393e+01,-1.454665410987543339e+02,2.684245549159417621e+01,6.309275143429260169e+01,7.668083853935195293e+01
-1.431586259715384983e+02,3.749762464630313730e+01,4.119823680087086615e+01,6.147717095759281136e+01,-7.727287865685011070e+01,-2.505303730844200345e+02,7.064789040033807055e+01,-1.458296349029407679e+01,2.802411057096880143e+01,-9.460703678982730125e+00,2.345022470268789760e+01,7.371192941892553563e+01,-1.857021709542392216e+02,1.141020276239280093e+02,-1.821424956704210274e+01,1.627074268475999475e+02,-4.594554153851830591e+01,-6.815978125874121929e+01,-1.483394077909174769e+01,4.999870409318425146e+01
-2.743525516630448280e+01,5.725132876255229064e+01,-3.871259050595510587e+01,3.489221801110343524e+00,2.236552949044704235e+02,3.572668635325559450e+01,4.374962269259758330e+01,-1.472569987188977336e+02,1.354287523344999897e+02,1.066465085323266919e+02,-7.144491092917985497e+01,1.046725934371736741e+02,3.298012273400208016e+01,4.641589860657161282e+00,1.290955646274999253e+02,-5.122985730707299012e+01,-7.223550556798502953e+01,2.075633203370054858e+01,5.282288145376304556e+01,9.663158866938358926e+01
-1.509529517466048887e+01,-8.497711165906487452e+01,2.528567717964928647e+02,-1.086594561038962468e+02,5.511812328952894191e+00,7.797055245476119012e+01,1.151122615037835288e+02,-5.671601787477178647e+01,-1.874917694407703266e+02,-5.902651734626709157e+01,8.613225102138849820e+01,6.374964814952380721e+01,6.701223588880750981e+01,7.116640860743736141e+01,1.340084232680508478e+02,-7.758884452947913246e+01,-1.197897995727603728e+02,3.704802452637557764e+01,-1.048524689568189956e+02,-1.260915349485005805e+02
1.223959909907136137e+02,2.503598170758130692e+01,2.849314904508638335e+00,4.927399676531530659e+00,-1.061390098246653402e+01,1.217240645326573656e+02,-1.514615905195783796e+02,-1.556023581200418562e+02,-9.363815185879087721e+01,2.891616477399522367e+01,1.805343739878488236e+02,8.690839915052728770e+01,5.924427142240971023e+01,-7.986693128452568402e+00,-1.332529913995930428e+02,5.149898240871642940e+01,2.025967065835131962e+02,-2.400576555085288533e+01,-5.606733647539329013e+01,-2.352431963902933276e+01
5.997511384924196420e+01,1.117301852519321415e+01,9.100141111147210893e+01,-3.345087424982510438e+00,-2.410116296457808360e+01,2.290059799542455465e+01,-5.396521768306781297e+01,1.740764941444638225e+02,8.231143981166148649e+01,-1.099698587405661669e+02,-7.457591715341384031e+01,5.653370051661043050e+01,1.833175459964138199e+01,3.025117093480738006e+01,-1.921274706161420909e+01,4.551730365254337585e+01,-1.686058685037080807e+01,5.633795434095906529e+01,7.730282312508983011e+01,1.606740336638160329e+02
-5.146992429459601226e+01,-1.111863182554066576e+00,-1.218981410896166722e+02,1.826261417039092692e+02,-1.975487957203841347e+02,1.682869388531809420e+02,9.346958229114136429e+00,4.184279304866469573e+01,-1.656690937296512800e+01,3.110065811329182583e+00,5.880845997445030093e+01,-1.636647461821258389e+02,-6.521262370939030006e+01,-8.450572838086583261e+01,4.474047835358172165e+01,4.366198403852345478e-01,6.180958404288079322e+01,1.647750041813560529e+01,1.058588835815995992e+02,-7.402742910087538064e+01
5.815577985023775653e+00,1.109363414002513650e+02,9.093260480206730278e+01,-1.479644556450087691e+02,-1.021110788984721012e+02,-8.179093870478393313e+00,-2.348366727412769706e+01,-6.542672855191502990e+00,7.961903002518462813e+01,2.893830050020715916e+01,3.476909030192299355e+01,6.706135686034251364e+01,1.074174205145558716e+02,-3.056012161464947781e+02,-3.866264482380533707e+01,-8.829677872597009980e+01,4.753161358948526072e+01,-4.621039555846554947e+01,7.586161691512190330e+00,8.521430764025079441e+01
-6.029859387781598912e+01,3.628156727122188840e+01,1.553827823160427783e+02,8.316154598715803559e+01,-1.585777356679977856e+02,-2.917467012761010992e+01,3.558163352769962273e+01,5.527838562219294971e+01,-2.523490382872461879e+01,-6.397888909895331722e+01,6.776293484896865671e+00,-1.086884703894944266e+02,1.099734266044518165e+02,1.868680973948168003e+02,3.946939684501236911e+01,-2.324385535291138183e+01,9.409009999136463875e+01,7.719292243586737357e+01,-2.755407461054243967e+01,-4.784356934975340536e+00
-6.095343391280962919e+01,1.646848249359700489e+01,2.989091400452484493e+01,-7.801326542706959799e+01,-1.074676341627896790e+02,-1.326015412034065832e+02,4.165346626120425810e+01,-1.148256962010601123e+00,-8.357414685482705607e+00,4.645259223443331820e+01,-9.009619756883768105e+01,-1.070252735171193024e+02,2.410819189688583464e+01,-1.728678959580556693e+02,-2.589845309342242530e+01,2.466446372577878776e+02,-1.348537462852524413e+02,-4.297423599307234809e+01,-2.122892803689768186e+02,-2.337280582221444192e+01
1.966536428265309837e+02,4.669174367904004441e+01,-6.137793091209749718e+01,2.181410645271098758e+02,-1.742352609518410134e+02,4.539431597570189325e+01,6.491278709293664129e+00,-2.470246809104160590e+01,8.070914737288450169e+01,-1.181979408275300614e+02,3.126226338723290255e+01,1.856583227645162282e+01,-8.710126631137133302e+01,1.949995580417317740e+02,-1.818372633616388967e+01,-1.386503721947075540e+01,-1.027677175295742131e+02,-1.633404511163821127e+01,2.334754606818984541e+02,-2.527118599715850777e+01
5.187019430136430032e+01,9.505477319935124569e+01,-1.814023111400958754e+01,-4.095903022838000140e+01,4.722638812261730124e+01,-2.412583688844003049e+01,-3.318450727862643390e+01,9.398898942594624373e+01,-6.942308691305018264e+00,1.213239838264740058e+02,-9.192668824312194786e+00,-1.317195558352690341e+02,-3.425795352833652032e+02,-1.838148446852690086e+02,-1.665960466264262720e+02,2.665379308278971138e+01,-9.713326932141386294e+01,-1.974131376064158871e+02,-1.309056884749375804e+01,-1.081828067130854691e+02
4.630991379239652161e+01,4.382686472668287792e+01,5.440862821831796481e+01,-2.558280527294107287e+02,4.540912637988153477e+00,-1.214024000680595705e+01,-1.221644279777795958e+02,-2.137430762536451141e+02,-1.086849211374260449e+01,1.064116053756205105e+02,-2.581757602575273722e+02,-8.325208729039967182e+01,1.315351129861629964e+01,1.124919994193631254e+02,-3.123715141813176288e+01,1.931002948030783557e+02,-1.795306539280217066e+02,-2.016937921638947842e+02,1.017715049723688878e+02,-2.349624252026770534e+02
4.615323363006493906e+01,-2.945324384938119877e+01,-9.010006024399980618e+01,-4.266672084688718058e+01,-1.289071893629438819e+02,-3.183340554162762359e+01,1.741933435485832238e+00,-4.162219764461364235e+01,-5.849362821812702862e+01,2.541369950405489320e+01,1.659571795794829825e+02,-2.662034019823957109e+01,8.199905050042178800e+01,-9.661769980053433926e+01,-1.334081300824873324e+02,4.533153873140241785e+01,-2.335345435833500005e+01,1.129497341643082677e+02,1.325423515693760237e+02,8.390848424274865636e+01
8.173583304001836325e+01,-3.425363085592974244e+02,4.445224995670286461e+01,8.628798294650040646e+01,-1.271782602161743085e+02,8.772511589786338160e-01,-1.042728214342236299e+02,1.027510594800877755e+02,-9.559980650764975962e+01,-7.928621069366468532e+01,-4.640501660560153852e+01,2.249410221900273825e+02,1.004672270076196554e+02,1.612603858913884096e+02,-1.813119855480240972e+02,-1.269294746172566732e+02,1.338579643717696968e+02,-1.760161148226674186e+02,-6.716841708496662022e+01,2.055341340627856539e+02
-9.634647303046899935e+01,-1.820997452715224938e+02,4.747450437632831033e+00,-1.779742974161243012e+02,1.237250072972916399e+02,-8.948587494896943895e+01,-1.095239028911920229e+02,2.938235266400166523e+00,-4.044378524754561965e+01,2.523491936808201430e+01,5.215044494027004873e+01,-2.172877434768944127e+01,-1.161448609986031499e+02,7.305082850647647774e+01,-6.934098181023283303e+01,-8.690889745057016569e+01,1.426606151560508806e+01,-1.928662419255671523e+02,3.908760331470529081e+01,1.957620038841891841e+01
1.121819640273019587e+02,-5.003921395843934050e+01,1.324831532022267027e+02,5.296429005018755731e+01,-2.678917444323906771e+00,1.816695925506037668e+02,9.521273084678364640e+00,-5.183673276276509512e+01,1.238399930714910901e+01,-5.389691671139826923e+01,3.736466805946939473e+01,1.320687281997505238e+02,-8.004032489259170768e-01,9.013966007332797403e+00,7.978311945292873020e+01,1.187240024108130427e+02,-4.526352652158238499e+01,1.723360062036298856e+01,8.022623074467495030e+01,3.299522560770378732e+01
-1.862089435768631631e+02,9.827269599114215737e+01,5.228813147137353212e+01,5.939487402068066757e+01,-1.192150727653360747e+02,1.523899347021725426e+01,8.433452334046285159e+01,-8.805806049032022997e+01,-6.205445498443833685e+01,8.604791210675962532e+01,-6.671026247706618051e+01,-2.085088775455397681e+01,-1.034618659107244980e+02,1.819938567319166509e+02,5.206227651685588853e+01,-2.553949767061665099e+01,-4.423751905322032485e+01,-1.228364623147386538e+02,-1.101000912280757582e+01,6.650580811900462663e+01
-8.098140972767338042e+01,1.055411212963822187e+01,-3.673817746490205849e+01,1.380115929575498797e+02,-6.366987639755308237e+01,7.771558744368304872e+01,1.394022595943367264e+02,-3.771306037775687514e+01,-5.885774476502439967e+01,9.227023185246268611e+01,-1.781223914401842308e+02,4.305946391026517972e+01,-1.575321792837482064e+02,1.222411665166329442e+02,-2.520963444583348334e+01,-9.077809074226998121e+00,-7.242492093576798595e+01,-1.582707263272212401e+02,1.265860437632049980e+02,-1.710575083592929957e+01
3.208768606708028983e+02,-8.101818030595681819e+01,-6.466941265825990115e+01,-8.972441146699729586e+01,-1.761605592046868907e+01,1.575217907784426359e+02,1.010137336773684495e+02,-1.504553833584599261e+02,1.204120075797185763e+02,6.827912861211278539e+01,4.813878266518229765e+01,-6.842408334404285597e+01,-6.099102986274154148e+01,1.370672332256009973e+01,-5.531626620282770546e+01,1.312631984089133823e+02,-5.959556761256589397e+01,-1.946764372828285445e+02,-1.301456943362881020e+02,-1.237963372824866042e+02
-2.633480736233270747e+01,2.160660335693242828e+01,5.380043667529150753e+00,4.609089976920206766e+01,-2.522800240506806801e+01,-2.169069947406364918e+01,1.751859974302020646e+02,1.205357571260877307e+02,4.083004819045643075e+01,9.166704756772270457e+01,-1.926215165493698294e+02,-8.225386189154409067e+01,-4.322035140054703817e+01,-8.107659620190041494e+01,-1.545737308808527644e+02,4.205438025657900880e+01,1.385747759284620031e+02,-1.280972299935649206e+00,6.481820456339863767e+01,-4.253395398756394385e+00
-4.416388096767393279e+01,9.191965590177231604e+01,-1.428190940807574236e+02,-1.863402745945565755e+02,-1.442299821910421258e+02,8.535879782760883927e+01,8.721110688608728623e+00,3.765379792467867048e+01,1.676922993457549467e+02,-1.163339674551151575e+02,1.204170369163868060e+02,-3.963244141486291028e+01,-5.483608752467385017e+01,8.122037725160364374e+00,2.377362556798617987e+01,-2.105421395732397727e+01,6.103143010616319941e+01,8.524307681107700319e+00,-1.993316167524600857e+01,-4.162841357797810815e+01
2.383464657176494583e+01,-1.356657827446105387e+02,-1.074463829979987963e+02,-3.674500691961814169e+01,5.448750596895889231e+01,2.142850123724857099e+02,-1.593256358836029918e+01,-1.774231291335763103e+02,-7.902475096322993409e+01,6.588918495922303009e+01,-9.702821089489475526e+01,-1.305745257878444079e+02,6.536689016140788056e+01,4.648800608929130362e+01,-1.472540742756796419e+02,-8.949933454556810375e+01,1.244670176817494962e+02,8.528442700943411126e+01,-1.197371515801177679e+02,-1.988889354911785290e+02
2.685179158608714900e+01,-2.960679952387298286e+01,1.817418967270715768e+01,6.346619438439382321e+01,-9.562694173960221633e+01,-4.321455265858987360e+01,-8.990585237057987911e+01,-8.632350329804903311e+01,5.647591933244297024e+01,1.440685813444152252e+01,-1.562941770110736570e+02,7.251036419165122027e+01,-3.500700745781995238e+01,7.711654068279217711e+01,-1.014738045946237577e+02,-9.256880186976306391e+01,2.517122981066680509e+01,-1.096460088169674947e+02,-2.748811707417663897e+01,-1.210073462359274146e+02
-3.913697330716502165e+01,-3.185423180489769912e+00,1.525793490075860293e+00,-3.647472712663488892e+01,3.333503003181381530e+01,1.477990455120381164e+01,-8.936666373680335340e+00,-6.258505327111041083e+01,1.068243749578508641e+02,3.862872082325942102e+01,-1.036108863891995497e+02,6.488838756904925731e+01,8.754936369526760132e+01,-8.156475929217741339e+00,-1.508732607460603559e+00,-2.058870679383213087e+02,-8.434410766567246753e+01,8.436944163526538887e+01,-7.826231982025400669e+01,-1.598419221813752422e+01
-8.586201300657666025e+01,2.308155848317304049e+01,3.937425551428918169e+01,4.204746617351828064e+01,-1.139360959606700874e+02,1.067021068365534120e+01,1.576569761321889871e+02,7.484887384846612690e+01,9.333123609108907814e+00,-1.930974341871039996e+02,-2.493564781097945371e+01,1.646365580647609761e+02,1.318606836013098587e+02,4.614183247864620796e+01,-7.193304120947881586e+01,5.227898244545079898e+00,7.734808333855256990e+01,9.405391936292639343e+01,3.126203056458293261e+01,8.550396827176497538e+01
-5.869257966283955241e+00,-1.029066630906653579e+01,-4.589150217720023051e+01,4.245368323683315026e+01,1.000340272233821679e+02,7.084438707354856035e+01,-1.218036481352109632e+02,-1.164474315172876402e+02,1.103639883512464337e+02,1.765728137844423884e+01,2.156481514766591445e+01,1.931146336900248173e+01,1.751639501573563962e+02,-4.462848181559191829e+01,1.116634135676142705e+02,2.336070243201669427e+01,-1.600512979265052707e+02,-8.248522800126177401e+01,-6.070305836959450119e+01,1.093108014466116913e+02
1.227297806792577006e+02,3.538538507783396625e+01,-5.227732796812956906e+01,-9.109811160502376026e+01,1.137581018661600609e+02,-1.284552408916057686e+02,-1.038902842476162114e+01,2.364471210320007231e+02,-5.197871880376532516e+01,-1.271698229679113439e+02,-1.765458025298178768e+02,2.404004422830698502e+02,3.486270994555464142e+01,-8.690756086014455661e+01,-1.891366191484173243e+01,-6.629558177596484825e+01,-1.863556040292806983e+02,7.881174334537867310e+01,3.381282239480787322e+00,7.049837787179392024e+01
6.550486825843663263e-01,1.312452357985496221e+01,-2.234822382039245099e+02,9.078477520073280971e+01,-1.088309752363268785e+02,-8.320835769144672156e+01,-5.278723045040160855e+01,-2.058683572425485124e+02,-5.825565078633485427e+01,-6.521841117367291929e+01,-3.778334689326721474e+01,-1.701179517240379369e+02,9.277088835613055551e+01,3.980565781955726834e+01,-8.640401953590358630e+01,-5.815464122871502894e+01,8.381483287730991094e+01,-2.574750311202195618e+01,-1.240535829203736711e+02,-8.359187008487538151e+00
-1.087843031791563533e+02,-7.078731741224727614e+01,-5.062409902258971250e+00,1.055211464905659398e+02,2.023324744230082501e+02,1.362615621382304880e+02,-7.185623880239769612e+00,2.257349801192177097e+02,5.582693443682882162e+01,-9.796885393137323206e+01,9.454985232285679331e+00,-6.569166468758761823e+01,-1.247905926327884600e+02,-1.174223777458209810e+02,-1.472341781744423983e+01,7.542059906134073799e+01,1.068203255795901185e+02,-1.244717916691380850e+02,-3.032586824210870091e+01,4.865906797350568525e+01
1.518585957516100926e+01,6.945463670468956252e+01,-4.346937047808572174e+01,1.272915235105162424e+02,-4.242021809038916680e-01,7.577241357212072614e+01,-3.807737146071026757e+01,5.839094353850761365e+00,-1.596025851428475448e+02,-8.367552700419709311e+01,-2.074636885329211822e+01,1.000615432670316807e+01,2.681201551181571290e+02,-3.818999928262127241e+01,-1.376640232000724779e+02,1.702484719454922981e+02,1.078837751028431740e+02,-1.156512203405862778e+02,4.652620698793092657e+01,8.352064233295163831e+01
1.638251134997161884e+01,3.258219203978423906e+01,-6.322561682591203436e+01,5.037893322224071824e+01,-4.913542795811952857e+01,-2.645394145694028225e+02,1.962659720661103435e+01,-1.675949314547661970e+02,1.013494163457726813e+02,-1.130820143435233120e+02,-2.453004208920367546e+02,-1.769291160856313070e+02,-4.147665828858537296e+00,1.865078122400691996e+01,-1.412636816310399297e+02,-1.072388254742280651e+02,-8.068887886381322927e-01,9.722277579706313588e+01,-1.210082180737887825e+02,3.791752625178947511e+01
-1.738690628979144606e+02,3.158887367045335282e+01,7.557920810559431857e+01,5.242066107225058147e+01,9.943977806876972636e+01,9.277424005288429498e+01,1.846931815950120210e+02,1.086184190590863885e+01,1.849891385697043233e+02,-9.440990900865826063e+01,-2.053417437214749697e+01,-1.150031730400673169e+01,-1.042784459190162210e+02,-2.360658867214119994e+02,8.692983618116507216e+01,-9.299341539026585224e+01,-4.008290072829458950e+01,1.584585264770694835e+02,5.720850754728115106e+01,1.740211454735027417e+02
1.205310340962729221e+01,5.554927272977089103e+01,-2.406715575002500529e+01,-8.486962987765217292e+01,5.517929541353119305e+01,-4.359012098304900462e+01,6.445219662437241936e+01,-5.704690179882189227e+01,-1.753832526855175900e+01,-9.528250530057617240e+00,1.076965025045658990e+02,-4.243486412257372109e+01,1.186990119592617816e+02,-9.048517404006008746e+01,2.698575916696068333e+01,-6.876006275887890240e+01,1.115745822239709639e+02,-8.186634955355204113e+01,-7.167327438221676061e+01,-1.256302433495240223e+02
1.030406144860214468e+01,5.910487048493497753e+01,4.831291836907971060e+01,-1.442379599370549315e+01,-6.605411315373179093e+01,-2.786799177078961876e+01,-2.405295229352030617e+01,2.526104274219999724e+01,1.838528104732243662e+01,1.739719074584348562e+02,3.963606508148314944e+00,3.608009684652100191e+01,7.145580640526172367e+00,-3.267335599653292633e+01,3.540745010139453797e+01,-4.206605939484177270e+01,-5.821725128735108612e+00,1.159268538477703459e+02,-4.853594282924787251e+01,3.873439357530673277e+01
-2.481349102486263689e+02,-1.853439106568825068e+01,-4.921187296915168474e+01,1.202604343023103795e+01,-2.362367763319462455e+01,1.415177750743805696e+01,-3.786662860279510312e+01,3.863346991158451260e+01,-1.714642001486889455e+02,1.114122960804293072e+01,-9.370792498165748441e+01,1.167866543274067084e+02,-9.532139858799621379e+01,9.952206840200452120e+01,-1.153264119473205396e+00,-1.828762823155293802e+02,-8.762673491811237625e+01,8.478010241293191029e+01,7.910088248495885921e+01,-1.299350772730415144e+02
1.562855725642585298e+02,-2.456420700988398931e+00,8.848456542009614623e+01,-1.211841349543150415e+02,-4.559490161730639102e+01,4.159042702578547335e+01,-3.131634529956306423e+01,-2.920791044470753945e+02,-1.907823369928555834e+01,-1.964698144425541670e+02,-1.070692541590525053e+02,-1.402867792745511792e+02,1.132555457083205255e+02,1.446355104943822028e+02,3.415639317508092887e+01,-2.300687019721942406e+01,2.833877948359524890e+00,1.131854835016094114e+02,-1.983428293312706217e+02,-1.075101890478153734e+02
1.004042402791962303e+02,1.212270978097933209e+02,5.897213000133583449e+01,-1.044971565851795532e+02,9.895489810734375169e+01,1.361432691278851337e+02,7.182502675041908446e+01,-2.494009643180636999e+02,1.245948089159766070e+01,5.852400642918156137e+01,-5.156173303222645643e+01,1.866769240975897759e+01,-5.134591613561720891e+01,-8.615933958867462650e+01,1.510590817253438445e+02,2.150686702522661164e+01,-1.105979646166696568e+02,-1.376600031538815472e+02,-8.609821053418620806e+01,-8.555733747576373105e+01
1.465302780213372813e+01,4.855567221888254892e+01,4.844868498339508278e+01,-7.501119871547913931e+01,9.206307145835154415e+01,1.227844315136453304e+02,-2.599633670193438206e+01,-1.032070797122024004e+02,1.002825145417450692e+01,2.160076248063166986e+02,-1.058297567875552829e+02,-5.261633029668298889e+01,5.743406029763478138e+00,5.416640245159381095e+01,-1.985579993520594542e+02,1.305887694300174076e+02,1.292291948681420308e+02,-4.247936407907280909e+01,2.706618293332262510e+02,1.227705382925792605e+02
1.174449932988207195e+02,1.187553189781012151e+02,1.158716058708039895e+02,-2.190948828227944567e+00,-1.209599951328532619e+01,-9.435700677201619158e+01,-5.773717702296880105e+01,-3.108976822855192879e+01,6.546005018976687850e+00,1.598296047503503701e+02,-2.102494821426145108e+02,1.344934276077613049e+02,-1.011875978526185946e+02,-1.045198434437864954e+01,-7.243978564616014637e+01,1.854276909465663152e+02,-4.999577709659044444e+01,5.214479266292112669e+01,5.732666782762345292e+01,-1.160006750120559502e+02
-9.677035213844058958e+00,1.204326263107050181e+02,-8.732348108429826539e+01,8.289656094812681886e+01,-3.310799713009278378e+01,1.163654023036603746e+02,1.747496941889189941e+02,-2.007839899664449774e+02,-1.338135090108980876e+02,-4.385096137297620800e+01,1.465424420844281030e+02,5.324660546679429274e+01,-1.244751598971146365e+02,6.789203254424965905e+01,-9.137347326017875560e+01,8.705319342153558182e+01,5.389649973539903982e+01,-9.181118144248323176e+01,-6.595443352189452213e+00,1.224683761589255226e+02
-1.892037307163252535e+02,3.011088071187153403e+01,-1.106899321883642244e+02,-1.618760924880905172e+00,4.577622368572799161e+01,2.013168973928341074e+02,-2.629778083802047028e+00,1.465525659221925991e+02,-8.404981867490056402e+01,-4.950200629834768051e+01,5.870585958486829270e+01,2.017610484069616561e+01,-3.284188818273020161e+01,-3.555144456876856651e+01,1.333294555918500350e+02,-2.884421710275733730e+01,-1.020849320716096855e+02,-8.548756242577209719e+01,6.699011356816161822e+01,2.256522451212453575e+02
-5.239826832979839111e+01,2.148625525356762864e+02,-1.084076755982426699e+00,-2.798122299796351342e+01,-9.102770716317519373e+01,-1.980138002491500160e+01,-7.561406401520386567e+01,-8.363808240106837388e+01,-1.652050267605662555e+02,1.766116684649613262e+02,1.064385941533978439e+02,2.716003676224948293e+01,-1.440159616840812085e+01,-5.580297766797158721e-01,-7.769089288923719039e+01,-1.133851499984565407e+02,7.174141132309081570e+01,-2.622226950922594924e+01,3.257357130288906433e+01,-1.662438963623186794e+02
-3.154288019746698168e+01,-1.153359804437446883e+02,4.840557523449361099e+01,9.952778525771859108e+01,1.459699389213818961e+02,-6.289797329458583874e+01,-1.127899092032368884e+02,-4.185936079722677050e+01,-6.993129220137123525e+01,4.312333761464372373e+01,-1.402782292125902472e+02,-1.754395062280740376e+02,-3.464482973573744573e+01,7.265060643994237921e+01,-1.027456691090619501e+02,8.491132956064090820e+01,3.653377340269337736e+01,1.546795586739373789e+02,-8.022546664370894121e+01,-1.606471866796862571e+02
5.985417602151083827e+01,2.798745378447599208e+01,2.024980071945191895e+01,-1.047827704254282537e+02,7.751506073256634011e+01,-6.334258070750711056e+01,2.020604786766320871e+01,-4.595681117509417390e+01,3.543815902843354593e+01,-1.195130451314989557e+02,4.996783072459933095e+01,6.575892595239429284e+01,1.159781582826971125e+01,1.643896725201693698e+02,2.071603208123803341e+01,9.187537600366690071e+01,9.241679779904748315e+00,8.293988640047219008e+01,-1.533304315661424653e+02,3.294479737508650974e+00
-1.126935362798361666e+02,1.404271956117847076e+01,3.841927100100726733e+01,8.074976130458540524e+01,4.899099264055812597e+01,-3.368529647771404711e+01,-7.535954883608101795e+01,-2.342523499741662647e+02,6.885257785055186375e+00,1.137861714309033943e+02,1.083934666481945541e+01,-8.475169122821144541e+00,1.430572885494107105e+01,-3.877093999430967131e+01,1.949678858405549065e+01,-4.049636613125916540e+01,-8.988813990215810179e+01,-7.529859464191545726e+00,-9.710294061466763438e+00,1.875170087126287228e+02
-8.056899930021114642e+01,-1.594417040180026746e+01,-2.566653263615209113e+01,-4.476828325804411435e+01,5.131052391066512541e+01,2.237963017824217786e+02,-3.208271966706094247e+01,5.158944916195385844e+01,-1.912371990947211486e+02,-3.935295299840315408e+01,1.555241139612199959e+02,-5.498039344798092642e+00,5.023400150092916761e+01,-6.227511361291890069e+01,2.575571918564651952e+01,1.632776246786081344e+02,-1.160082962269102183e+02,2.186542505175789302e+02,-1.545944181894041947e+02,-4.855018434855083598e+01
-8.359171847795852273e+01,-2.724609817672434176e+01,-8.489028753240746994e+01,-9.247196634929485981e+01,-1.186746605511620771e+02,6.440536285562205876e+01,-2.379579959405803891e+01,-4.995104196995077217e+01,2.822569105821609980e+01,-1.494635511090559703e+02,3.063725439663462069e+01,-9.376940102124605048e+00,-6.303783002922775935e+00,5.191667509069451825e+01,1.643524008793492044e+02,3.229747419548588283e+01,-1.998745078047825530e+01,-1.182644387575934530e+02,-2.390817925633776611e+02,1.278841671628624432e+01
-1.259633340180867265e+02,-2.540263454252146005e+02,-3.508704230992571382e+01,2.394817357618776299e+01,7.443038165359411096e+01,1.061250713604522105e+02,8.757121635950485938e+01,9.025750296040671117e+01,-1.468070012588653128e+02,-1.495956374067580263e+01,5.798355665946125725e+01,4.637461514530046180e+00,-1.551492765825006082e+01,2.809001991230880790e+00,2.455339982091502549e+01,-7.689370543566067973e+00,-8.462793574090666482e+01,-1.702824107137623741e+02,-2.040271614712422377e+01,5.748275430527441721e+00
4.657958147594167819e+00,9.529210635822113318e+01,1.130606301022926203e+02,-1.040228037692428131e+01,-9.686483649680891261e+00,5.731285995706505787e+01,4.265483795179751070e+01,-4.425582018013344054e+01,6.590138361387755594e+01,-1.463744089494819711e+01,-1.251107387002276283e+01,4.336137950886404013e+01,-3.011666197432567671e+01,9.467250749000347909e+00,2.975443064415490468e+01,8.171785594662102881e+01,7.481405802752756529e+01,2.670444767683299148e+01,-2.608768734440188837e+02,2.433508197212027113e+01
3.978859289459106208e+01,6.009288471303779744e+01,-9.560249627320482091e+01,-2.122076052419892278e+02,8.061700107836665552e+01,-1.224526593462957038e+02,1.222169544317815166e+02,-5.786518858088298600e+01,-1.027172958351902992e+02,3.496219725359863872e+01,6.161760850043867066e+01,5.565780220755777918e+01,5.016104059359105349e+01,-7.077903072532994599e+01,-1.526909796287195036e+02,-3.896643952991173876e+01,-1.145707788015488688e+02,4.325486848994366795e+01,8.742478108170797668e+01,1.726966501188024594e+01
-9.448144394156199333e-02,-3.104325785117318404e+01,9.803492695387954825e+01,-1.830468738644333939e+02,-1.206151039996824750e+02,1.826733302733586015e+02,-1.254959370803667014e+02,5.310368324700779397e+01,7.367901083169205378e+01,-1.926251071181663974e+02,-1.734297876136664627e+02,1.264714340596899973e+02,-9.729436652547404663e+01,-9.456316197648206412e+01,-5.208761483491171873e+01,-9.704820431793174862e+01,5.262676786778293092e+01,-1.182037559056839910e+02,-1.965760528107472282e+02,1.156356517190784388e+02
-1.132910766192970726e+02,-7.520187666669298210e+01,8.298579346224543940e+01,7.024388842161298108e+00,1.112341258610333625e+02,8.451421049867332158e+01,-4.534306456584565126e+01,1.021919882486016462e+02,1.677731477930558412e+01,-5.983879086903448297e+01,2.904016229685143458e+01,-1.309462519842493577e+02,8.338477024753906619e+01,7.041187883478059462e+01,1.203584414838361738e+01,-1.918273024903981536e+02,1.154404787118448610e+02,4.370926842574583304e+01,-2.295834687788494755e+00,-1.806664791790409907e+01
-5.367192273056030416e+01,-3.444707625201217382e+01,7.692166928951394311e+01,-5.167260428890207180e+01,-2.743021427964125181e+01,-1.275932763068377795e+01,-1.001972612200611756e+01,-6.178119162263547537e+01,-1.701994438783972541e+01,3.433139459011545824e+01,-9.048045998011969004e+01,-1.655706172819619582e+01,1.930984207121100269e+02,-6.314434020474300802e+00,-9.304230448619790650e+01,-1.047411817292848752e+02,-1.265195072032691854e+02,1.627116561672256410e+02,1.008022389716345657e+02,-1.289625067424214251e+02
2.137062943382400348e+01,1.224836058702908588e+02,-4.046811140747011315e+00,-4.916140027279352864e+01,2.240899648478352049e+02,-1.905344823658853386e+02,2.632580773330153647e+02,5.999920885650610991e+00,1.290430130294517426e+02,-1.200613179282325547e+02,-7.255842980493110872e+01,-1.079956742719800644e+02,-1.010311790091248163e+01,3.077261401087605464e+01,1.066801996602622324e+02,-1.711455598368769131e+02,1.568839377420890813e+01,8.949088679493087284e+01,1.082185971164330454e+02,-4.405192816234280428e+01
-4.280761973631145167e+01,-9.202453983514716995e+00,1.860527044102569150e+01,1.302597811624912083e+02,-1.210095627457013450e+02,-7.862537236065494994e+01,-1.331411310645432309e+02,4.277540850383442717e+01,1.101368192261380727e+02,-1.420966754370279261e+02,8.870330689620404385e+00,1.029003239978162583e+02,7.845468029530320564e+01,7.727538578651568457e+01,-1.189875422893248214e+02,7.694344109181346880e+01,-1.859255176850114566e+01,1.070161814554280681e+02,4.491665552347324564e+01,-8.155007633096809627e+01
2.788119555545059924e+01,8.185160604524124039e+01,-5.063640690781676312e+01,1.288019921209465402e+01,-1.336609576948981442e+02,5.490319346306790038e+01,-5.626371362604940529e+00,9.140863926295286035e+01,5.208668058773795195e+01,-4.071731939382158316e+01,-8.463688883505398053e+01,-1.076400167325683981e+02,-5.074219994487560115e+01,8.870967027857577136e+01,-1.756267353703979950e+02,-1.035724777638930618e+02,8.589994266570410275e+01,1.328952269751415827e+02,-9.831586832237239548e+01,-1.046809072781567380e+02
1.407160239571904015e+02,-1.235944195673815571e+01,-8.945423791271549874e+01,1.044617889388619574e+02,5.034807966039992522e+01,7.366540266353041488e+01,-8.424395817596803226e+01,3.748253410793047635e+01,1.246286160923159514e+02,6.407943606482187704e+01,9.198699183530891332e+01,1.403142549962902024e+02,4.276697197553551888e+01,-5.651209273824988344e+01,8.771111535319532493e+01,-1.105705350900623785e+02,-2.223194938777086804e+01,5.880792291291599838e+01,-3.217378889289618087e+02,2.524633653464673344e+01
2.996260719278099316e+01,-1.135934921562277111e+02,3.258605917493142812e+01,1.899485012560572983e+01,3.397178038364066843e+00,1.189433803761843507e+02,8.789093565172021272e+01,6.399828507133412359e+01,-1.024221529242863085e+02,-1.734133518371568039e+00,1.184434739705900057e+02,-2.146618216812929703e+01,1.554262019413570215e+02,6.691934064015015338e+01,1.709560562892244207e+02,-1.067332222984790775e+02,-1.546575386247059569e+01,-6.013102300805170053e+00,6.061733064352032585e+01,-7.385975818825119177e+01
-1.607607040036478452e+02,3.781977069784590384e+01,-3.664732479200672799e+01,-4.706970418001677814e+01,-6.928089153612636153e+01,1.238887578507422838e+01,-1.076857528954143390e+02,-1.941957470346935821e+01,-8.287129815878219574e+01,-6.091774139864389070e+01,3.538101847729578964e+01,6.514098621027952163e+01,-3.061049266384423362e+01,9.678303935055375007e+01,-9.727135909371106948e+01,-1.519898605000320799e+02,-1.336325186515807388e+02,-1.075406792113842442e+02,-1.312893234116279473e+02,2.021153917896245957e+02
-1.550220787596424827e+02,9.374289033969127161e+01,-2.512884910727501087e+00,2.246004669179098556e+01,-9.057297127104648382e+01,3.254527248946839535e+01,-9.139185550706983463e+01,9.227661820284463090e+01,1.005513477854233884e+02,-1.348619368659215390e+01,-6.936410535427839363e+00,4.327238994268337535e+01,3.816094280577872411e+01,1.024146373133616237e+02,9.958459252102989012e+01,-2.884093067911564390e+00,-4.772244849549444012e+01,8.116197878614765671e+01,-1.562857488874340994e+01,1.137439422865251082e+01
5.303162238510904558e+01,9.755569720753575780e+01,2.608481419082859887e+01,-5.871979458738868374e+01,1.797010343864450022e+02,1.530341811543412120e+02,-1.018003357252498660e+02,-9.117715769243673662e+01,-7.860134818590741190e+01,8.485508917148105468e+01,1.835143191723499854e+02,-5.062732671712169008e+01,1.692683579155730555e+01,-7.526058602659193753e+01,1.700192764882957306e+02,8.248283418764829378e+01,-8.246355639038594632e+01,-2.102341110952352778e+02,1.037587057761566882e+02,-5.724848062144272376e+01
8.427321692109258322e+01,2.936903368504145106e+01,-1.834296032724052168e+02,-8.067767318070281135e+01,-3.541446872860783657e+01,-6.757899892513279383e+01,1.161682848853848782e+01,4.013814461513188547e+01,1.789359937507080360e+02,4.722134768764679080e+01,1.491101065719875862e+02,-4.768167855412946921e+01,1.165213413513675391e+02,-3.811980904899287736e+01,-9.170168014756214347e+01,-9.592767582112354319e+01,-2.641955258543467835e+02,8.540826229401582737e+01,-1.290195036340008699e+02,1.408145234613717207e+02
-1.742205023205410797e+01,-1.554864748134759225e+02,-1.117730163040475446e+02,1.906349423143307931e+01,-1.879957472543884194e+02,5.899450069543631514e+01,-1.516332288059450377e+02,-7.389763318645232459e+01,1.987203353748907020e+01,4.676106901731982646e+01,7.977197962609371018e+01,-1.306546013513086848e+02,-3.084527930121750572e+01,1.092999501984124748e+02,-3.082119660161305319e+01,2.942744512044623661e+01,1.624392584440684928e+01,1.301237151291158511e+02,-4.659091941756209820e+01,-1.389948928703035449e+02
-9.678718901358986670e+01,1.888439799835219901e+01,-1.569540746330057175e+02,-5.444139850674724102e+01,7.541639297419790111e+00,-7.665921046434078789e+01,3.268532477533339176e+01,7.244117623482853219e+01,4.549085999526742086e+01,-1.547504960052227432e+02,7.918218756962710714e+00,1.574423068387498148e+01,-3.809301182124924878e+01,3.133110128563716401e+01,2.774245757456072425e+01,-9.087523686296702152e+00,-1.004271678013319615e+02,-2.662095230013256320e+00,1.866930927674412715e+02,-3.923070290156925921e+01
1.047305458176006567e+02,3.885702056762095680e+00,-8.007289753363583884e+01,-2.965966982193803503e+01,-1.687037370810141601e+00,6.552114662789051636e+01,2.380045448819328726e+02,5.466460601427349353e+00,-1.230859231291556739e+02,-1.654577401278183970e+02,-4.217845693282662012e+01,-1.128087899983287059e+02,5.579062975392636758e+01,5.652557235064152508e+01,-1.459754323076869476e+01,6.573864378996042035e+01,6.475934776920215796e+00,1.867573795368356286e+02,6.261249463550334582e+01,8.956170761482695752e+01
-1.448127410820238481e+02,-1.171235447229238389e+02,4.788384261044731716e+01,-1.549223508206329996e+02,-6.244758428751020318e+01,1.179412613088387758e+02,-6.458557997054617772e+01,-1.209732706287110631e+02,6.675433113058149104e+01,2.073532246040845166e+02,-8.086451568625382436e+01,1.224025798142836692e+02,-9.331749665645381242e+01,-1.124677811070133160e+01,-6.913293970114649412e+00,-7.819817400819661657e+01,8.753953115481382952e+01,-1.539720910524105193e+02,1.950476101590789213e+01,1.074164578192927877e+02
7.921634692442039238e+01,4.912150607856577267e+01,1.585299393201337637e+02,-2.196173670806855327e+01,-1.524726148616724117e+02,1.352068855719533502e+01,-1.257623105546904974e+01,-2.115820571039861875e+02,-1.125101260508387497e+02,-1.252626036316953844e+02,-8.145329255128491752e+01,-3.511742640986928166e+01,-3.128739612043919394e+01,-7.788047286033891226e+01,-1.253938541233671913e+02,3.774517087590762543e+01,1.165718612226803863e+01,1.466714986570407930e+01,1.779011219334230134e+02,1.628740535397858125e+01
-3.666577722804994011e+01,-1.058059924211715241e+01,9.881922117958422902e+00,6.157933482113639911e+01,-4.472042684264068590e+00,-1.942920900515786400e+02,-4.367481232492267651e+01,1.493175363453329019e-01,1.304201565651648025e+02,-7.858956459463863098e+01,-1.635260860620628875e+02,6.437720656072487557e+00,8.662369215087127827e+01,-3.934229414023958071e+01,2.383049487037444862e+02,2.147498065989639144e+02,-7.247271454891751397e+00,1.867131568332198555e+01,1.368731474208643135e+02,-8.983472713013002320e+00
-8.040885172535176650e+01,8.889319062352620904e+01,4.644128424352958717e+01,-8.073448120158121810e+01,2.791641702497589961e+01,-1.600605186082783504e+01,-3.850956913423666350e+01,-7.858396283338419153e+01,1.214031116225485540e+01,-2.658573668894869613e+01,2.847065767587289642e+01,8.198376220649764434e+01,2.315663694308970832e+01,2.486845993763257567e+01,-5.411770681674767758e+01,1.174356014514868320e+02,-8.485293209787668900e+01,-1.611992001808128521e+02,-1.070983480604087248e+02,1.034263911432872476e+02
4.588978201982739336e+01,1.311942622932056395e+02,-1.323051525166635827e+02,2.320218220267479410e+02,-2.836841852403532727e+01,-1.760343468441391508e+02,2.195783166975652421e+02,-1.310102261539336723e+02,-3.978957135172132809e+01,-2.057522404396662097e+01,4.440831425003287336e+01,-7.913034759333645241e+01,1.039313228775777134e+02,7.536361695107429171e+01,1.906681978046589565e+00,1.324329434461496362e+02,-6.785672083807171795e+00,-2.756458535087074679e+01,1.998102766658832365e+02,2.957360422898878838e+01
-9.856513827926687554e+01,-8.502692801968069602e+01,1.895814065275167382e+00,-2.397998275862366029e+02,-6.329894652150882450e+01,-1.003939884668813143e+01,-1.671975203177161973e+01,-1.257443247743311048e+02,-4.485157914398649837e+01,1.179803897165385678e+02,9.731488303428875497e+01,9.561639472902424330e+00,-6.890997639099138539e+00,-1.616267484618962413e+01,2.363100625949232381e+01,1.025688446745099114e+01,3.241409708710268234e+01,5.017941749388555905e+01,-1.211107489187200628e+02,-3.102686916147004581e+01
1.979124098961979428e+01,-9.658350767235425849e+01,-6.738213543593816723e+01,-2.178967076185695717e+01,-1.688346582365484139e+01,2.166027868913143095e+01,-8.480307629579547779e+01,9.680204548947341436e+01,-1.770758905088272783e+01,1.451977016054003755e+01,-3.698324416812221216e+01,2.356507501925132075e+01,1.671221159440630402e+02,-3.791188426129266986e+01,-5.444963544196868810e+01,-8.301555549776823284e+01,-5.962184968312897126e+00,-7.120368026971529929e+00,5.144301459818178657e+00,4.682558797363157055e+01
3.421681070474059538e+01,-2.252148153270712605e+00,1.953801568038911682e+02,6.906802840920718722e+01,-1.089259942840661495e+02,-1.545201985762260222e+02,-6.956491255344168678e+01,1.526583800501277466e+01,-7.794996559677841219e+01,-6.276272448065521559e+01,2.606703857648436262e+00,-3.419726588862771166e+01,-2.047700742468456667e+02,1.077176528492387604e+02,8.449568909068311484e+01,-1.285120858313032386e+02,5.689109965787196188e+00,-1.116551530286689058e+02,-6.087965798549748087e+01,4.861529508553524437e+01
8.100471174000526275e+01,7.866429391461647924e+01,2.448392040999532426e+01,1.275205736432444894e+02,-6.105616994293819744e+01,-3.886291636892980961e+01,-2.594627883245342446e+02,-9.305651783168860547e+00,5.796934640365690683e+01,2.852596120089014420e+01,-6.240203532433498879e+01,8.445256063145353664e+01,-7.383075237952628100e+00,7.664267120087011165e+01,4.861496851062626945e+01,1.424508958903028315e+02,3.393633625662038611e+01,6.099426729342815179e+01,-7.671708870510325795e+00,-5.028901500789945089e+01
4.907322075603645573e+01,1.502730697539709013e+02,-6.158806479229809128e+01,-2.481363287875874946e+01,2.665043521767449519e+00,6.848963099417139233e+01,3.454579828881621495e+01,9.130631564333995698e+01,1.973909475641145548e+02,-6.389013099861961820e+01,6.097289781453896040e+01,3.206397781871703501e+01,1.904021742794987926e+00,6.060852236767831869e+01,-2.668030203984124782e+01,3.230457316469872353e+01,-1.305292429713948934e+02,-5.388152781058227703e+01,1.047520814109762881e+02,1.009082982604420522e+02
2.594332967181852823e+01,-4.530497543897458002e+01,8.252658296849429576e+01,1.236487381496637710e+02,-4.123668698910126551e+01,-1.455019686651815789e+02,4.491349254540193670e+01,9.137682774074433212e+01,5.874835263380767714e+01,1.565079197229940178e+02,1.569300665528143384e+02,-3.053972966468336381e+01,1.989943855771193526e+01,-4.965348420130438711e+01,-1.022063696607324061e+02,-9.634393048019902039e+01,7.170213532630432951e+01,3.028875206864429259e+01,8.899608405008393675e+01,2.531621409966459453e+02
4.998676032413973758e+01,-7.879205791003975889e+01,1.035126820674958878e+02,-8.065122923411088607e+01,1.748336884784743006e+02,-1.971449158672010640e+02,-5.465489503357636636e+01,6.221382731109804354e+01,1.177520993824543467e+02,-6.769831262901823266e+01,-8.582579678533235779e+01,1.483671916363773846e+01,1.908993850232385512e+02,-1.538377633331813001e+02,-3.141200971724664015e+01,2.601850197257859421e+01,-7.959493632411998476e+01,-7.993862177099289568e+01,-2.333916146084519028e+01,2.927098260494747706e+01
-1.950616464966621777e+01,1.465565652365964979e+02,5.926037784017503895e+01,3.831640232150719072e+01,1.027653619308371447e+02,4.008028914149230815e+01,-4.431866273014678370e+01,-2.631524530943825724e+01,-1.129436213611420499e+02,2.004878186541076843e+02,9.307239697340634166e+01,-2.559581753150495445e+02,1.333128432642991754e+02,-1.465932640440614136e+02,5.206689779762794501e+01,-2.204025753511340895e+02,-4.281293412965732159e+01,1.340933507741839037e+02,1.396633886619436566e+02,3.067753928039680389e+01
7.874647932378562132e+01,-1.413570225808412317e+02,5.383332726699977400e+01,8.509707432818393613e+01,2.569745837700138509e+02,-6.232192996814251984e+01,1.630281702811119837e+00,7.811511165210467844e+00,6.985837337762039567e+01,8.805106882156350423e+01,1.060915111789865364e+02,9.879621593128112522e+01,-1.481118292510716969e+02,-2.613196880315701378e+02,-5.143763870830352403e+01,-3.541684460638973242e+00,-6.132677592868994765e+01,-4.596981430011007319e+01,-3.362494277402005594e+01,5.774409994193696605e+01
-1.033692055039030038e+02,-7.782776996072593434e+00,-7.017361621904000479e+00,5.546993385084860506e+01,1.161904839712903055e+02,1.684107398121395249e+02,-7.459907804214435600e+01,-1.999974610564492536e+02,-2.419282287352862326e+01,-1.588616858299846228e+02,2.734576909256971362e+02,-8.728805188430305861e+01,5.638337656527311026e+01,9.340661066744291929e+01,3.406223282380031492e+01,2.076720351309199373e+02,-2.024811401158106960e+01,-8.348817573714845253e+01,-8.866246121512584466e+01,7.500056946036816896e+01
-1.897982462650572089e+01,-8.864889894032171469e+01,4.413052155235720164e+01,7.092492250883132954e+01,2.713051862862111818e+01,8.995963923356072200e+01,8.809861285031333367e+00,-5.936253371812600932e+01,8.114000715115099638e+01,-8.900882535283354002e+01,-1.128885347199976508e+02,1.155949649200665164e+02,-3.478479710165923677e+01,1.665683909444971960e+02,8.565947867266062588e+01,-4.238387139008391813e+01,4.862214322626672924e+01,2.528380274446876967e+02,7.542731428123921944e+01,5.816989067424400872e+01
-5.947210736466206527e+01,1.844554696198727868e+02,1.317937713512972948e+02,-5.855620317267018748e+01,1.880412855409791746e+02,1.647512165023480435e+01,-8.403816746700269391e+01,-5.985187068185366144e+01,8.777013670747771812e+01,-8.335001568554993412e+01,-1.103116391052915617e+02,-4.388744824184767168e+01,-2.895132244096125262e+01,-6.733155256385620646e+01,-4.539448939380305603e+01,9.169312340613926438e+01,2.565024364794488321e+01,-5.156407531485049134e+01,-4.278480822802851691e+01,-1.316561762613528686e+01
-7.441420792352121616e+00,-7.018625621741398923e+00,8.802476630499846522e+01,1.970384042920652234e+01,2.264576765992149632e+01,1.426785353700089445e+02,1.876651431892068160e+02,-1.230971286197998893e+02,-1.578908112395618275e+02,-3.494061146223864966e+01,7.831285728946478741e+01,3.759863999874304596e+01,1.054099702711881719e+02,-3.923638456921140261e+01,-1.956706832178001605e+02,-1.366781731278025234e+02,5.647340586586011568e+01,1.061753605558218680e+02,-1.906796848102109720e+02,1.410657533308041138e+02
4.646325117996051546e+01,-7.042209827937072397e+00,-6.268231578511691282e+01,1.591161076828998375e+02,8.970064326890673101e+01,4.908234518766468568e+01,-7.314025022033648327e+01,1.614181226900388708e+02,3.035115795480918699e+00,2.990174570581205415e+01,7.305939817754813603e+00,-7.655504646213931608e+01,3.197209859168713564e+01,6.969385614584030009e+01,-4.416074101336221247e+01,2.340766607723108450e+01,5.849942437694557462e+00,9.151313294746630334e+01,-2.989412712686057105e+01,2.265709636844076158e+01
4.371694013256142597e+01,-3.215670957775679284e+01,-8.253545676795116037e+01,-6.626061192521046905e+01,4.091900365285783892e+01,-2.353161132772624953e+01,-2.485894585856432570e+01,6.041475670157333866e+01,1.019491523028646611e+02,1.191715873344820125e+02,-6.125011581024072171e+01,9.227456187976589774e+01,2.084983093548651709e+02,1.260701996303385997e+01,-7.331019325599299918e+00,-2.817609171674001090e+01,-1.063757184539001202e+02,8.422534964048384154e+01,-6.886124420626436482e+00,-1.497098220240050992e+01
6.873434380801650434e+01,7.794830508720325213e+01,-6.008432686648155396e+01,-5.769643249804378371e+01,-6.213556404859518523e+01,2.113514302797944708e+02,1.477145986663498149e+02,7.070404225412686117e+01,-3.754112381606442028e+01,-2.569290323181168745e+01,3.634373230764103369e+01,2.209130233217112789e+02,2.888771591392629290e+01,5.088255764679250603e+01,-2.548981066547135299e+02,2.575789272967097077e+01,-1.393861466755611218e+02,-4.869949172416082206e+01,4.688592173985731471e+00,-3.021017089274074507e+01
-6.359599207000249521e+01,-6.270469063322777714e+01,-2.110482651582558944e+01,-2.547084184715979305e+01,2.027256798671650095e+00,-5.447831784365782859e+00,1.278875957253085431e+02,-2.049600643938853182e+02,2.449731902504217729e+01,7.100961024848037262e+00,-1.341903481591955405e+01,-7.058104252308955040e+01,-1.497084846785231349e+01,-1.633507558099568939e+02,2.067178922004166708e+01,3.880591684208957304e+01,-7.040684930164294997e+01,1.940691042118414487e+02,-1.204443717484912568e+01,4.407282329339102134e+00
1.335781664550155483e+02,2.142123469868222685e+02,-1.123339413929177084e+02,-5.771624788733408451e+01,-1.026771689928979647e+01,-7.428726896436221239e+01,8.461125213505053466e+01,-8.529828360511673679e+01,1.266603163546633937e+02,6.236472493074731460e+01,1.164043186183983494e+02,-8.485039331783531225e+01,-3.834944159195489277e+01,8.979855477840716560e+01,7.165931895005809338e+01,-2.868587609530073834e+01,-1.445324643529113651e+01,-4.343479478198549515e+01,-1.714440244770274191e+01,-9.653405395267184019e+01
-1.133217453261660381e+02,1.005430515613423381e+02,-2.054044300833218983e+01,1.151327740880701498e+02,5.959848017194124026e+01,3.120105126067159773e+01,-7.102217404051165772e+01,-1.210779773998004032e+02,-4.569087187271463790e+01,1.531917407423551083e+02,8.889568628671662509e+01,-5.504139871647302584e+01,-4.455602307375414739e+01,-9.290894805904883924e+01,-1.547085612534197310e+02,1.016000133045271525e+01,1.725077409716393788e+02,1.737632700108883341e+02,6.079039597786031379e+01,-6.026724404491263698e+01
-1.449480209063874270e+02,1.047062185642711825e+02,4.472168015571020305e+01,-3.162281733105227843e+01,-4.832921023122727178e+01,6.004365776258422471e+01,-8.266215178471473735e+01,2.392321669000420314e+01,-1.219821746760843411e+02,2.228511586438227994e+02,-6.870473856082949737e+01,6.483989562744660873e+01,-1.198021646334953374e+02,-1.632531590993834669e+01,8.846185567634206848e+01,1.100955380624008626e+02,7.632882631029175968e+01,-1.382443293230604375e+01,-6.659509961055270821e+01,-1.077677118519139157e+02
1.503798587771125881e+02,1.033712399886258027e+01,2.882392270885654284e+01,1.165369853766108292e+02,5.867312835550362138e+01,-1.274172530976326634e+01,7.444034483805131686e+01,-6.225463485117204954e+01,-1.551141477481661752e+02,1.411842242017849571e+02,-5.392034797337789342e+01,-3.042899627173513011e+01,-2.160834251261897165e+01,-6.022053597176104489e+01,1.101333861508598773e+02,3.744561935419611132e+01,-3.037868997974663543e+01,-1.275668881034944349e+02,3.037978153607542708e+01,-2.450609677578030130e+02
2.327460285694461106e+01,1.343180444855397866e+02,6.455840954905381679e+00,1.206327303726029783e+02,-1.229177572237753822e+02,2.038541395288825981e+02,1.097285438541681941e+02,4.759658621782234889e+01,-5.983944548902640292e+01,-7.645221034945495830e+01,-7.090742839537904629e+00,1.202778229325564467e+02,-1.315520830871676310e+02,1.041050994169792299e+00,7.342202716637841320e+01,9.293488172675534997e+01,7.312365010616991867e+01,-1.417593525868712163e+02,1.131777884520952284e+02,6.719365609569714515e+00
-1.085595155972950465e+02,-2.416820734038663154e+00,-1.958665143312289558e+02,5.782980230102685937e+01,-1.277094665380502292e+01,-1.270115656245830706e+02,-2.900766063425544417e+01,-7.074652190434765942e+01,-6.435838189492083927e+01,-2.261032916059834292e+02,-1.672163420034669059e+02,-2.296989913570812547e+01,-4.017505950113604740e+01,9.739781618137271835e+01,-6.317829786704785278e+01,-5.269813196512694020e+01,-4.802399158266400292e+01,-1.970297257990947415e+01,9.146406702396735255e+00,-4.063276108312594914e+01
5.712214874595752434e+01,2.300220973628592276e+02,-8.254438948442349044e+01,3.918300101727958662e+01,2.952624628132323625e+00,1.047034532446751314e+02,2.029999029057987769e+01,-7.264511903753580668e+01,-1.165053747351674218e+02,6.104896040921954636e+01,-1.083801995270218015e+02,1.183740486168100716e+02,5.531926877241887297e+01,8.670915014510185870e+00,-1.312255032759473750e+02,6.753231431127385065e+01,1.616766074813707519e+02,-4.250948080685438413e+01,-7.419073373272306071e+01,-9.202579232822614586e+00
4.669422719318809811e+01,-5.312192129997288248e+01,8.991981459900077311e+01,1.910717974270364437e+02,3.302458835179331942e+01,-3.249861030183257782e+01,4.400037748489125988e+01,1.177299563001106009e+02,1.596366285520165995e+01,4.850950311032012507e+01,7.047661887422927407e+01,-8.754458558540966351e+01,4.591213414096086609e+01,-1.341948804175799239e+02,-6.584311380971000460e+01,1.145662401286294312e+02,8.710352353107660406e+01,-2.701800102324091668e+01,1.705793433445731182e+02,-1.310190080400092540e+02
-2.050876929569339779e+01,2.751042893124294864e+01,-2.808247225719030098e+02,-1.576625744760957737e+01,-1.124498233228312216e+02,-1.101737062865113757e+02,-2.722298843698581194e+01,-1.825658370301030402e+02,-8.079597835595424726e+01,-1.802282356005225950e+02,1.237870467783034556e+01,1.043472318011815148e+01,-3.485479714593842004e+01,9.964451638600007755e+01,-2.961625850940651716e+01,-2.308050573727797428e+00,-9.060007530806142029e+01,-2.303274487592073001e+02,-1.453397126434229314e+01,-2.759482603542621248e+01
1.709908681407707434e+02,6.674460239832190211e+01,-4.131211194763010042e+01,1.416630247392757802e+01,9.070179636696539660e+01,5.167550269898664084e+01,1.668905834330783762e+02,-7.893964192202174956e+01,9.750342069537512657e+01,-4.228723353341046476e+01,1.936164947669868752e+01,-5.576769947731718702e+01,-1.420081730137269815e+01,2.115620602789552152e+01,5.932535642778095308e+01,6.135714137732425577e+00,-2.486149678470236211e+02,-7.694875829956106195e+00,1.470400762320151955e+02,-8.487179646937802246e+00
1.498481840126713678e+02,-1.201967442669549868e+01,-1.571981420799612010e+02,-4.329548460647590247e+01,-5.584336854169854547e+01,-2.295330623348221621e+01,-1.185318442402258086e+02,-8.821466903154004946e-01,-3.282598406668380875e+01,1.287861857378591424e+02,-1.210237121911674762e+02,2.456686866346481324e+01,4.110281226174422642e+01,7.749808890076150192e+01,-3.635878768184288390e+01,2.208009945925364548e+01,3.532781254462821607e+01,-1.648363800494347515e+02,-3.277005914554655419e+01,-3.266506386698941888e+00
8.457822011745625090e+00,7.233899229547362530e+00,4.375212923079649130e+01,1.937604926994162327e+02,-5.954285737449862381e+01,3.811717725532411549e+01,1.301303185999377945e+02,-1.798638619961276675e+02,2.681310797641103960e+01,-1.680379306491713010e+02,2.185577740462535701e+02,5.220507342978814336e+01,3.870906578043599922e+01,-1.873374029070502047e+02,-5.044918194561928004e+01,-4.997960585747727436e+01,1.766455553918788723e+02,7.292012368557656998e+01,-1.652926697416222908e+02,4.695022523519666890e+01
-1.502904283572235045e+02,-1.629333207644291690e+02,4.534220836935764964e+01,7.447691309864416098e+01,4.587535900322367866e+01,1.879582582081316673e+02,3.687525363277115531e+01,1.700942087730700081e+01,-1.216009438341750126e+02,8.576136786527486322e+01,-1.651444250364190509e+02,2.020369073817916217e+02,8.707979422598796759e+01,2.789797353294396203e+02,3.893281085746055226e+01,9.201660610906691318e+01,-2.771711099826717373e+01,-4.327958788813367264e+00,-1.051533908823305552e+02,-1.447708648567669343e+02
1.894978069133201970e+01,-4.918250617383161938e+00,-1.075973716098491906e+02,-8.987317423216471468e+01,3.246999070797591980e+00,-1.093121749781582821e+02,3.566450794751408182e+01,-1.062089167120240347e+02,2.558544799261482794e+01,-1.150712112060113554e+02,-1.146515576825239719e+02,-2.362231159840192163e+02,-1.602789899841101118e+01,1.454064767303491124e+02,1.397330813916265981e+02,3.240675034609136418e+01,-2.001014482393542835e+02,8.438751932339243922e+01,2.256662735209471649e+01,-4.065031596913394907e+01
1.207366127913660989e+02,6.154446868085140210e+01,1.961549042785888730e+02,-1.405638833948034403e+02,-1.327430307234650115e+02,-1.158979450732458645e+02,-2.850215106912441598e+01,1.588172254796410243e+02,-6.235925253537713076e+01,-6.022041805582338725e+01,4.172919335146220732e+01,8.431554477945046244e+01,-2.236791594314661609e+02,1.039714876188583901e+02,-6.552163059349710750e+01,-1.024247139601272494e+01,1.418264132737537579e+02,-2.164435992944729392e+01,-1.531870520185908049e+02,-1.473905300930945259e+02
-2.911188112936000216e+00,-3.343647351647540233e+01,5.947317416953429081e+00,-4.012779810296376581e+01,1.241426850284871364e+02,2.476723981506971484e+00,-1.762977657026038685e+02,8.165329918634077444e+01,1.906270944160178544e+02,1.549309811881950338e+01,2.325503634403250786e+01,-7.798850120627083982e+01,-2.424507394570983010e+01,5.028700094932506914e+01,1.131790065978924815e+02,4.460002789304047610e+01,1.818040878538974425e+02,9.847031405108502611e+00,-1.121695503518530472e+02,-1.093055390788777856e+02
1.234411731877702323e+02,1.007101974621098464e+02,-1.644604068346884844e+02,-2.095081904358970348e+01,-1.731938086225121509e+01,-7.515328582978597183e+01,-1.410373054448539278e+02,-7.736041655982793941e+01,-9.533485613149565552e+01,-1.386468464223123931e+02,8.290653201657731586e+01,2.829465707424083831e+01,-4.641226614119528904e+01,-2.070568511830301475e+02,-2.990761093348201527e+01,5.210556245805558717e+01,-7.360439787689698221e+01,-1.149965780613111406e+02,-1.230220173006753370e+01,3.350688280864502389e+01
-1.999930865772015238e+02,1.354009137886551173e+02,-1.249127057236811567e+02,-4.227827206471184240e+01,1.181271032202449618e+02,1.253590556178914284e+01,1.096091434159941969e+02,1.553678960445693349e+02,-1.459676035157684737e+02,9.020439053828641818e+01,1.325486854184812557e+02,-3.758055478267841920e+01,-2.962140265502248226e+01,-1.913043815454713297e+02,7.810794517497335221e+01,-2.534868315351440344e+02,9.688078140633670898e+01,-1.417669401365700423e+02,1.390688701595443035e+02,3.962734350243420067e+01
1.008967697615691179e+02,-8.127769708305204688e+01,-1.333453595192746377e+02,-1.763622163823291089e+02,1.091203012225874716e+02,6.629400690638799176e+01,6.984130460742701985e+01,2.914423710788404520e+01,5.438715825883930677e+01,-2.916650485667954129e+01,3.703006338444286172e+01,-8.568369395197903771e+01,-3.427330988726878758e+01,3.043329495499404516e+02,3.892134693263379130e+00,-1.971620862856163399e+02,-4.085900056039499617e+01,-1.057522380893469034e+02,1.592185147158831882e+01,-8.893591128236637644e+01
-2.118313765560943907e+01,-7.398400162714914075e+01,1.971841181970167511e+01,-6.273988257831356918e+01,3.568800724990370554e+01,1.948581459048720603e+02,-1.154412216562976141e+02,7.238552136184695485e+01,-2.452829762626886065e+02,-2.327714373156220162e+01,2.289047759505746171e+01,-7.480126838384020971e+01,-1.787392823006349545e+02,-3.803977876986985862e+00,1.532115396486286159e+02,-1.464493566833738392e+01,5.585737239336079085e+01,1.126880641761363080e+02,2.471474545505938920e+02,-1.052287636306824510e+02
-9.491106395526649919e+01,-2.922345376178450138e+01,6.154366383543160879e+01,-2.320701583465681210e+02,6.537589280007235004e+01,1.482640540480922020e+01,-5.339443560016143664e+01,4.255099497852864232e+01,8.896492323643610689e+01,1.028021775888132652e+02,1.476338105315561533e+00,3.260329962089866740e+01,2.883218191824056120e+01,1.231197280646529038e+02,3.812162146098272331e+01,6.452232825228998081e+01,8.926605494636879712e+01,1.958564066957060561e+02,-5.858148596693158794e+01,1.625708693847223287e+02
2.471099779580977724e+02,-5.220427657409935307e+01,-2.167901439168174349e+01,-4.284509610891708320e+01,6.568884071890637699e+01,-1.861676636085945233e+02,-4.994981234951737292e+01,-2.736421770924774677e+01,-3.610943565358659413e+01,-3.711624705205326080e+01,-4.892595782717530284e+01,7.773856664860009857e+01,5.382442189002952659e+01,1.703400945048787207e+02,7.799333585659246637e+01,-1.097589111105174311e+02,-1.700370695292150103e+01,-2.762318283711555011e+01,2.552382384297668239e+01,1.093249639577377934e+02
1.858350583287723268e+01,1.884918229663682254e+01,1.004188324967910440e+00,8.105839900792753383e+01,-5.689051689558869640e+01,-1.457009779085709624e+02,6.445789762112306676e+01,3.751671481754727466e+01,1.323418275147979841e+02,-2.427912217212854955e+02,-1.003493998547877553e+01,1.067135528291755620e+01,-1.510877958415942715e+02,-8.659635292033582843e+00,1.186922668235436760e+02,2.086114707732095894e+02,9.824068993586624288e+01,-3.244713811600997388e+01,1.261515180471252506e+02,9.114026160993627457e+01
-4.843905681428400101e+01,-5.817960193003395375e+01,-1.685020405285490597e+01,-1.050849024516878956e+02,-3.107919110553912390e+01,4.867529215632011841e+01,1.038507266171260710e+02,-3.788521006789898138e+01,1.388420868580403749e+02,6.501054668355095600e+01,6.956530189263712316e+01,-9.190117539910811217e+01,1.807760220773567710e+02,5.533644520215902673e+01,-3.326673628963374085e+01,-5.091172377433792207e+01,-3.104521426998227440e+01,-1.018337544877733905e+02,9.883005443494923270e+01,-9.159220902704069545e+01
2.898248388748580950e+01,-4.499172462013848417e+01,6.707964689183467044e+01,8.067048162619144591e+01,-6.439050624191220606e+01,-3.387366575798178570e+00,-1.443391461594405030e+02,1.700543175313814572e+02,1.068003106929841977e+02,-1.395538899697548061e+02,-8.669042053486805344e+01,-1.348183201983405510e+01,3.876072006148219895e+00,-6.860513005265495678e+01,-1.144927997705273697e+02,3.950313108661558203e+01,1.739484470518688681e+02,5.466541840461326629e+00,-2.917122041811216349e+01,-3.968394130058665326e+01
-1.096723650643841381e+02,-6.719847514906763308e+01,1.136111080363662893e+02,-2.070850007932790504e+02,7.010332364730189170e+00,2.795466685935576123e+00,1.183993334896443983e+01,7.274177084235184054e+01,6.116126356897422234e+00,-4.539594323210145888e+01,-6.566227581887844167e+01,1.298343763148232028e+02,1.041051977555803774e+02,2.877637519611290600e+02,-2.809884286825992206e+01,-6.382130073046317875e+01,4.531668963005009942e+01,4.290164918630546964e+01,6.363550788827833316e+01,8.471308773563647776e+01
6.266736121033402895e+01,1.075031605983204201e+02,1.208005310585486711e+02,1.225844716531459255e+02,-2.261337950218195942e+02,2.323809025709402221e+01,-9.232101885445456446e+01,1.055447765702032541e+02,-2.282301695099290555e+02,1.469225277733242478e+02,-8.646997143676524900e+01,-1.093863639981533566e+02,3.562493206975750581e+01,-3.732707573308524474e+01,1.779389307604242561e+02,1.363033147127595726e+02,-5.108347024780762524e+01,1.042484960205803475e+02,-5.452869003027524286e+01,-5.539146254160117877e+01
7.141847580629287506e+01,1.455841090469153016e+02,-4.410725178121492007e+01,-3.649287735021428603e+01,3.012047190917210315e+01,-8.939904744695978422e+01,1.565410389826252526e+02,-9.035526085616353953e+01,-6.331937655359953965e+01,1.767239071039536213e+02,2.145884288885023494e+01,1.943583428819606240e+02,-2.192775206844663316e+01,2.519518819872355948e+02,6.156499804961479327e+01,-7.524359526119161501e+01,-7.678376186746913845e+01,-1.457207910801088815e+02,-1.347814946009405901e+02,-6.595315844493615032e+01
-9.915984395831185338e+01,-2.577931192274492105e+02,8.415209918809313194e+01,7.753377209060536757e+01,3.083768769757837447e+01,-1.134966416952757129e+02,1.646792108755312256e+02,-1.781680902965724655e+01,-8.332328054847637588e+01,2.325861323433247208e+01,1.752391715487088675e+01,-2.502750383237930976e+02,-3.094537485389088793e+00,1.205390254697076990e+01,-3.787411740441498154e+01,-1.321454860981182549e+02,-1.291994608338867749e+02,5.140654308189793653e+01,7.616009829401937736e+01,-4.480094948972308799e+01
3.823177320427554804e+01,-4.579182550938458007e+01,-8.532390027431335966e+01,2.144968860886563178e+01,-1.149095002253518913e+02,1.893784089832048494e+02,-1.437513712831371890e+02,2.838273642292625709e+01,1.502393325596491103e+01,6.147568072236704317e+00,1.483393396023429034e+02,-2.686211267545906480e+02,4.117321054889080756e+01,-2.733774973777009620e+01,5.839757955138733792e+01,5.468227581825930272e+00,-7.502037974646831309e+00,-1.207314665721715130e+02,-6.731375004105575499e+01,3.131509881952745218e+02
5.931020959426940209e+01,1.052593174372045866e+02,-3.518968236231568625e+01,-8.556093685765593193e+01,7.764277744479856835e+01,-1.903718269147751130e+02,-6.507384993780524951e+01,-3.545754547373011434e+01,9.449891033686537867e+01,4.137127136213094758e+01,-4.728997286326090688e+01,3.689730121023453080e+01,-3.031518389766759114e+01,1.070037758934323904e+02,2.361567220770824704e+01,1.736442804766293193e+02,-2.777943273304397920e+01,1.225395232859672916e+02,9.041399369518849483e+00,-6.972436508923324539e+01
2.601574515484018661e+02,1.309708824363340227e+02,2.343232931799142804e+01,7.659963498103961399e+01,-1.082018698302992306e+02,-1.046811512651088663e+02,1.114090286827545526e+02,4.797378750120444568e-01,-1.558175552012141551e+01,-2.879376949606571401e+01,1.520674354691129793e+01,-2.542494115512923258e+01,-2.032140776871426340e+02,1.415875266828301733e+02,-1.105603618387858766e+01,1.831528629638028463e+02,-1.762196276174263119e+02,-1.766119322597008647e+02,-2.754135355172389055e+01,9.775273185396315512e+01
-1.219667221527443104e+02,-1.258478055325410310e+02,3.719523387104059253e+01,-3.128736666187186444e+01,5.440799110952448814e+01,-2.949498032474005527e+01,3.851372828049832009e+01,1.366133238946734991e+02,-1.217546791755996054e+02,1.184787013816126517e+02,-1.704147468673321555e+02,6.093365738366151163e+01,1.419269169363040533e+02,-5.240680236527298774e+01,6.445551141916945426e+01,-4.870931569495413527e+01,5.853811341269749136e+01,-2.258499356309548034e+02,1.621566640874147325e+01,3.953909638434637941e+01
1.344681951073109758e+02,9.252555412798146506e+01,-1.612360523975056026e+01,2.680647979486418464e+01,-1.446116424906292650e+02,1.644074938040169229e+02,6.911593983220708992e+01,-1.860900769210760757e+02,2.459870481281541998e+01,3.223404444779642830e+01,-7.739438958628602450e+01,9.686553562617799429e+00,-8.744801983147179669e+01,-1.404597572706583151e+02,-6.133469826240533251e+01,1.715902591392840293e+01,9.283317333762339274e+01,6.981845087151842044e+00,9.380913689397087296e+01,6.487030777040516227e+01
-1.035398045837857950e+02,6.411030370418970392e+01,6.687434026213948357e+01,1.741801047436960630e+02,4.106543613356517852e+01,-1.234674047812533075e+02,-5.540807963402257741e+01,-1.852557134759460666e+02,5.104775188057998037e+01,1.653967540778041609e+02,-2.391147489849537067e+02,1.696230342523574279e+02,4.972375030393548201e+01,-1.076581654157213137e+02,2.566946394925509622e+01,-1.044327677364323961e+02,4.404197655827636027e+01,6.336105010854977237e+00,3.293435693814721077e+01,-9.189393171864429632e+01
-7.733206066145187663e+01,5.018214128389713835e+01,-5.027262939326653424e+01,1.490178081716554992e+01,4.529835297070832922e+01,-2.223558578045058809e+01,1.155101178371748176e+02,-1.855504830147374662e+01,-2.155754870716700822e+01,-6.317051754128340946e+01,1.039982025278316087e+02,-7.072082400243317579e+01,1.254490194153569149e+02,1.631127113654105187e+01,2.682094813649690082e+02,-6.604598735625084771e+01,1.275193904494440034e+02,5.102419795891495369e+01,-5.137542121832593267e+01,5.236796560305240433e+01
4.749540154305348238e+01,-3.319386251855889469e+01,4.282808790075110750e+01,1.163441592814206160e+02,5.113541607259984545e+01,-4.191851697264030463e+01,-4.755023856756427136e+01,-8.740986824153171852e+00,1.112462014582163334e+02,-7.537890905962268562e+01,3.921311743141443884e+01,-1.562467561625000485e+02,5.946115075296270192e+01,7.517708979708066863e+01,2.027621496249071527e+02,9.252930537162784219e+01,-4.012009256103416277e+01,-1.534579297380811340e+02,5.141964859880103944e+01,-3.272223033950956506e+01
3.341023977242382159e+01,-7.201850802091617254e+01,-1.731962216470695992e+01,-1.699985302039239343e+02,-1.046206097076307344e+02,-1.187270225661669656e+02,8.727898392821549578e+01,-8.272642372752132189e+01,1.377930075974713873e+02,-8.174438812990385372e+01,2.095938067563792515e+02,-1.948834266588819730e+02,4.243017999521877215e+01,3.859803215729449288e+00,-1.211441514043822565e+02,-5.509315688649991927e+01,-2.612815178863673893e+01,2.498062600313698667e+01,-9.364166988639766487e+01,4.253203885554820118e+01
1.197238499971804870e+01,7.791847606414140159e+01,-8.623620242097950950e+01,-4.093330003027558206e+01,1.442118376463480729e+02,-9.060384923058482798e+01,-1.392476719831931575e+02,-6.309551630794976518e+01,-1.775949698800052943e+02,1.672893477498360255e+02,-2.827633351637231485e+01,-2.731053854655726809e+01,7.425269571859774942e+01,-7.255568830094686916e+01,-2.159303693497211896e+01,-7.519436616650477845e+01,-1.755030910538670241e+02,5.075788048553567577e+00,1.025727428958435468e+02,7.929495317013620870e+00
9.197913240500049881e+01,-1.095791899066909707e+02,-7.540392469427649758e+01,-1.294297065089909040e+02,3.665575453117904914e+01,-3.176086299825987069e+01,-3.550585821315988966e+01,6.689861898515493976e+01,-4.729829838869486736e+01,1.079671713388370193e+02,2.356575879871978429e+01,-3.661478408011854668e+01,-1.551603338598624759e+02,6.632742780370270452e+01,2.829356308815257748e+01,3.310684757649381993e+01,3.629636003026350721e+01,-5.290860687233708148e+01,-1.513740779676324699e+01,-4.585512702459773493e+01
1.250064483743968253e+02,-2.751202931866493628e+01,-6.192401912999380897e+01,1.318764078295707236e+02,1.209971235002953733e+02,2.363742921376071493e+01,-1.298683267472790170e+01,-3.795495347676763487e+01,-4.397407620387556726e+00,-8.747115832093828658e+01,4.833669408240980658e+01,1.652502964092954016e+02,5.626198787348628372e+01,-1.103236278435598194e+02,4.551007659680178108e+01,1.945385636308746058e+01,4.462948033029757511e+01,-8.195687445733283027e+01,3.357342477949430970e-01,8.830989009953378854e+01
-1.069997890509354761e+02,-4.491232311532863264e+01,-2.878536445808958533e+01,9.983671188709683975e+01,1.147499246578516932e+02,-1.915132254343966451e+02,9.975087863295627244e+01,1.178955083267427142e+02,1.114687427781902755e+02,-5.296272393377955723e+01,-2.298019480937913528e+01,-1.567421264233524880e+02,-2.094953114867978456e+02,-3.615144051943649117e+01,7.646871554029324614e+00,1.767694719870851472e+01,8.211396541478872280e+01,3.061135784893347136e+02,-3.959906648969901255e+01,-1.055569137909558179e+02
5.461346805872913990e+01,2.222423869559426279e+01,-5.745214208193453231e+01,9.108521741223901813e+01,-8.119349847146753518e+01,-1.285667194713890282e+01,-7.091774156650347827e+00,-9.477127022695057690e+01,-1.709704979750266887e+02,2.189500123875855309e+01,1.368715488489023926e+02,9.609018556479766460e+01,1.027799582204109328e+02,-7.989496958369011281e+01,2.140695714903003832e+01,-1.424159714570777737e+02,1.689150128587868593e+01,1.388784507474798033e+02,1.419837123394074467e+02,2.030448667643530030e+02
9.891780243461133182e+01,4.757490558772533262e+01,8.747231824021343982e+01,6.805741596518720371e+01,-8.072542474115357436e+01,-1.515329980566093013e+02,8.827587194197522535e+01,2.093348260558522895e+02,9.239714278716223816e+01,-1.888723715910555256e+02,-5.193018440390127211e+01,-1.966927698722248863e+01,-1.856043326869454120e+02,-1.376897041789699472e+02,-3.707549416747282223e+00,2.616343777027055850e+01,-9.860141426997233793e+01,-1.422939640543623057e+02,1.193305879217435148e+02,-3.825288583789755847e+01
-2.394121756845325066e+01,-5.466702424899408896e+01,-7.711752924501524831e+01,1.302783276821043614e+02,-8.797963453704188908e+01,1.796834925772640190e+01,8.704329651232723952e-01,-1.948173778857292291e+02,2.409468819993179522e+01,-1.543968898475233686e+02,6.354601088299121159e+01,-1.186416529717010206e+02,5.220186105991495396e+01,-4.295058447367785703e+01,-6.743247472023837474e+01,2.105664573115589988e+01,-1.471859067717621485e+02,-6.922065896326182077e+00,7.822500399402454718e+01,1.042604431624457817e+02
-4.626309137237890923e+01,-3.166523005073943864e+01,-1.491902462693125244e+02,-7.507131618806316453e+01,-1.560110506909519472e+02,4.400735952351800506e+01,8.421667197294040363e+01,-4.542241718162694752e+01,-1.058232148694581412e+02,3.081917735796738000e+01,-8.679657064849226344e+01,6.719388688465954829e+01,1.935430282703556202e+02,-8.844330597014214845e+01,-7.416756028903475340e+01,-1.459570701542928362e+02,1.461090933278768844e+01,7.812406859813241233e+00,-2.705592960627024723e+01,1.614704755227156951e+00
-1.043674982055162559e+02,-1.663199676804111391e+02,-7.590697760905437974e+01,-1.915522716073101606e+02,-8.845282299286947136e+01,3.097274409911659632e+01,5.966518564654772483e+00,-1.773782730413755360e+02,1.049346545597031906e+02,-1.945708974775284972e+01,-1.299323601782789694e+02,-3.643549098865292279e+01,-5.830117488090284183e+01,-8.677387031412908414e+01,8.125927038575976269e+01,-1.106324979567163922e+02,1.846461585032021091e+01,-1.341318190060800930e+02,-3.689609309271367543e+00,2.654226812479774722e+01
2.673382800864503750e+01,8.080613870723938774e+00,-2.390152497379205698e+01,-1.064094151427100030e+02,-1.052551789346873363e+02,2.988288014118630187e+01,-1.261408837003579038e+02,-1.490707427649044803e+02,1.429769815913517732e+02,-2.597168970149507672e+01,6.350146860713466168e+01,8.734882128856730787e+01,5.112699413142872018e+00,-3.767767128596421600e+01,-3.597852173043724378e+01,1.608030572268911840e+02,-5.588078311279581811e+01,1.764318457669697793e+01,6.773191465991114057e+01,2.507097778574170377e+01
1.084383631260806169e+02,-3.866160136627887312e+01,6.733501894090704809e+01,-1.794608741842543225e+02,1.346915463869995335e+02,1.123150100481699099e+02,-3.044259788048436732e+01,4.388384367564400890e+01,8.910649694624702022e+01,-1.037752927939171030e+02,-1.445260955626873312e+01,-1.305749977241552244e+02,1.138416426360376477e+02,8.227606208291642531e+01,-2.809489161478446562e+01,-3.969132991543886391e+01,-1.489565608349469272e+01,-8.972573350758659672e+01,-1.740375763614862237e+01,-1.037730777984236425e+02
8.983311161788410004e+01,1.136935706554594816e+02,9.451929880127985939e+01,-1.194199839486084045e+02,-2.084507782693030720e+01,5.847290911425383797e+01,7.687580372209123425e+01,-1.838864834047768397e+02,7.404896004105327734e+01,-1.243268208639289014e+02,-1.539643806364495759e+01,1.257487657589455523e+02,1.122070344896746406e+02,1.326130189747805161e+02,-1.066270371387101363e+02,-8.192902855764191372e+01,-5.628010425379995496e+01,-1.464405787146927373e+01,2.167011448065678891e+01,1.277254950974089382e+02
-9.286121331689942338e+01,-6.288531865427838596e+01,1.423641070036728991e+02,-1.159047876440530729e+02,7.268524990705022049e+01,-8.864778279769787162e+00,3.880737337864255210e+01,-8.113711030227950971e+01,7.071762874138629229e+01,-6.542084695327081079e+01,-1.419598963455977412e+02,4.800391512100672742e+01,-2.503088723489597101e+02,-5.680018201182805626e+01,2.911380980352712911e+01,7.577801443739099341e+01,1.226519196251550881e+02,1.777544883477650046e+02,1.471748219718814710e+02,1.915479534989322730e+01
1.125617777332885510e+02,1.761131176095237905e+01,6.859056264622684296e+01,-5.993464151891468816e+01,4.620758159981402713e+01,-4.732462222773946081e+01,-1.735440725217398139e+01,4.652288964594634990e+01,2.091379077391166277e+02,3.947704003001965845e+01,-1.170793351250199787e+00,-8.317762096959003770e+01,8.962015846706357536e+01,-3.354599969095467316e+01,3.741526589870761654e+01,7.019422588004033514e+01,1.264109108562501973e+02,8.423724790196541790e+01,-1.223458032506564450e+02,-1.717198459892618416e+02
7.014717166517581859e+01,8.600439515999685369e+00,3.914695928703765304e+01,1.719757576151098135e+02,-6.165880892105044353e+01,1.291409243129153879e+02,-6.066632439298462742e+01,1.565268742591066768e+02,7.505184841575534449e+01,-1.507128022915151462e+02,-4.172786971756284657e+01,1.915668058465521995e+02,1.790191817378642440e+02,6.042213889881031719e+01,3.542347345292079552e+01,2.397346726414486895e+01,4.370276569034516712e+01,-1.408004596415123011e+01,1.211019259374201482e+02,5.778498646679189932e+01
-9.653552855356311113e+01,6.549917878621110390e+01,1.649841811296631278e+01,-3.124618511747609517e+01,1.898526853356067932e+02,1.037705210807584777e+01,-1.956839731423916362e+02,-2.413378724732624292e+01,9.934884692489249858e+01,-9.264748798339616087e+01,9.595051706496424515e+01,-9.976885963648494737e+01,1.336673663718302691e+02,-5.725668391542940583e+01,-3.517912881430154926e+01,-4.259247919806679761e+01,5.974526762167874239e+01,1.844119551681123994e+02,1.483338796472441601e+00,-1.090415314956534321e+00
-5.732685860392175670e+01,-1.627346473483376315e+02,-4.735230514036435068e+01,-1.259002622933769828e+02,-1.887315964318738963e+02,-7.699631295195809244e+00,-5.425952083745458054e+01,1.376572433323561881e+02,-8.556022218077409036e+01,6.703674058735188623e+01,6.508226524187892892e+01,1.337133095199581021e+02,-1.842257930271155075e+01,1.319042433361259157e+02,5.609466981000819885e+01,1.139284630222858254e+02,2.394156742500976804e+02,-1.232234129287316016e+01,1.708095238180005637e+01,-3.618160890046922873e+01
1.542309637665956927e+02,2.604652772901840194e+02,7.341651020537682371e+01,-1.610081244778868950e+02,-8.831099454867418785e+01,1.159589898143476034e+02,-1.144356366466954995e+02,-6.005326315529375591e+01,-6.356076491960070030e+01,-7.715044037892214490e+00,2.567101693529309969e+01,-1.889431443806612947e+02,-1.527438746911019223e+02,-1.503573149582269934e+02,-1.384027635913928407e+02,1.600687346794778643e+00,1.945780587669311856e+01,1.013184231527296078e+02,5.549294294158178076e+01,-5.822573797450439059e+01
2.299282784207854036e+01,1.054228175563201546e+02,-2.273826845150777487e+01,-3.104186301609706433e+01,-9.449572849814059339e+01,-8.048258150850362824e+01,6.855742707408754200e+01,-3.824490752070924260e-01,1.958391017672839496e+02,-6.767072122723530470e+01,7.613731656581043694e+01,3.864091508721732282e+01,-8.937442137405469111e+00,-4.355020228511756386e+01,6.001018716780476581e+01,5.426737853575486525e+01,2.019884590270900659e+01,4.256344037796686308e+01,3.648676634119923712e+00,-1.641180738867446109e+02
8.437350276606222721e+00,-2.685504093247245194e+01,1.946243517399509813e+02,6.333856337635969425e+01,2.015091281990926575e+01,4.628300732266682616e+01,-1.023118129611694940e+02,-6.097686288896754547e+01,-3.347889242815568878e+01,3.884225036407539022e+01,-4.347522872582966613e+01,-5.014385362694120118e+01,-1.067863668700836115e+02,2.512108855126847562e+00,1.655661929143896671e+01,4.285232957470927317e+01,-6.960162205519672796e+01,3.707757516194529046e+01,-1.040274376710024455e+02,-2.190637944945739690e+01
3.015721360854642441e+01,-2.587122273806984296e+01,-1.561844450015210555e+02,-1.442632594231498615e+02,2.208948680074036020e+01,5.796513567484451812e+01,3.393167887920551351e+01,6.037422092378329808e+01,-2.805424858697824675e+01,7.384419109132484493e+01,3.360600794889371912e+01,-6.394567651047394463e+01,5.144537113936178230e+01,2.960502041344960134e+01,1.672494087607588540e+02,1.379319953487491546e+02,-9.230354814611420267e+00,-4.176806022902696469e+01,1.559111253088119895e+02,5.515395192551810766e+01
-1.741477667687480846e+01,-1.989061756828813259e+02,-7.554994483671060834e+01,-8.250280767696078499e+01,-1.463806266871350559e+01,6.185183367546503774e+01,7.712532243222369743e+01,1.500035685289309697e+02,9.313958376702176167e+01,-1.300467914820984277e+02,1.030007579540425553e+02,1.733324705273359712e+02,1.683808077020601957e+02,-1.212863449308243560e+02,-1.910966019784459746e+01,9.609737495699725685e+01,-1.158343033562129136e+02,-1.724914983919149449e+02,3.139556867706231458e+01,-6.755914271067027244e+01
-1.631451067014616854e+02,1.229520442752545648e+02,1.643126581179826573e+01,-5.206923345424600313e+01,-9.636840841924127687e+01,1.745661483433605454e+01,5.154171989255274866e+01,3.259326728034487530e+01,-1.518913321268881589e+02,4.768520642370356200e+01,6.944495093469977576e+01,-3.434040707023345362e+01,1.039610381948917990e+02,-8.519173929423851632e+01,1.290584786031002409e+02,1.323156844306442537e+01,-4.961694720165562700e+01,-3.184484903307759751e+01,9.992848834299647365e+01,2.372423499153758897e+01
6.450673265075563734e+01,1.074669302725410205e+02,-5.259770659333179310e+01,1.272983360793627305e+01,-2.244559603169876638e+01,1.017057977956337851e+02,-3.824554186705598369e+01,4.783176436187138947e+00,2.295724601147532553e+02,1.285116274233077718e+02,-1.035228110195420186e+02,9.019761073580180266e+01,6.887692883566400326e+01,-1.100636337834891805e+02,-1.100557357896062705e+01,-9.477030612172137580e+01,-2.392601774519278877e+02,-1.459715245427491759e+01,-5.060901295071944617e+01,-1.100902385319610204e+02
-9.586266672396058786e-01,-2.120612455658763622e+02,4.127493934303940293e+00,1.539812111113762816e+00,6.787395532205968607e+01,-1.603179235871207879e+02,2.139424255858326092e+02,1.755802225416881015e+02,-7.732147681658045713e+01,1.459738855667111466e+02,8.570721127425250074e+01,-4.394251257863135152e+01,-6.068530058312644826e+01,-5.312245850786373325e+01,2.826368876969372081e+02,1.360119428911402792e+02,-2.027728938825359251e+01,-1.164224000297802952e+01,8.474482106813118776e+01,8.036442484826389432e+01
